CustomerID,CustomerName,Gender,Age,City,RegionID,LoyaltyTier,JoinDate,Email,Group
CUST-0004,Rahul Gupta,Male,50,Bangalore,4,Silver,08-Jul-22,rahul.gupta@example.com,Age 46-55
CUST-0009,Aanya Mehta,Male,48,Chennai,1,Silver,06-Oct-20,aanya.mehta@example.com,Age 46-55
CUST-0033,Myra Verma,Female,52,Kolkata,1,Silver,08-Oct-23,myra.verma@example.com,Age 46-55
CUST-0038,Aditya Mehta,Male,53,Mumbai,4,Silver,18-Dec-21,aditya.mehta@example.com,Age 46-55
CUST-0050,Rahul Kapoor,Female,51,Hyderabad,1,Silver,01-Nov-22,rahul.kapoor@example.com,Age 46-55
CUST-0063,Myra Rao,Male,50,Kolkata,2,Silver,03-Nov-22,myra.rao@example.com,Age 46-55
CUST-0072,Diya Reddy,Female,49,Hyderabad,3,Silver,28-Jan-21,diya.reddy@example.com,Age 46-55
CUST-0073,Imran Reddy,Male,47,Bangalore,4,Silver,05-Sep-21,imran.reddy@example.com,Age 46-55
CUST-0075,Myra Reddy,Male,52,Kolkata,2,Silver,14-Sep-21,myra.reddy@example.com,Age 46-55
CUST-0080,Myra Verma,Female,47,Delhi,4,Silver,10-Mar-21,myra.verma@example.com,Age 46-55
CUST-0086,Priya Reddy,Male,54,Delhi,4,Silver,05-Nov-20,priya.reddy@example.com,Age 46-55
CUST-0095,Diya Sharma,Female,49,Delhi,3,Silver,17-Sep-22,diya.sharma@example.com,Age 46-55
CUST-0105,Aditya Verma,Female,46,Kolkata,4,Silver,24-Aug-21,aditya.verma@example.com,Age 46-55
CUST-0110,Amit Mehta,Male,54,Mumbai,3,Silver,20-Jun-20,amit.mehta@example.com,Age 46-55
CUST-0112,Neha Reddy,Male,46,Hyderabad,4,Silver,16-Feb-21,neha.reddy@example.com,Age 46-55
CUST-0139,Imran Sharma,Male,49,Bangalore,2,Silver,04-Jul-21,imran.sharma@example.com,Age 46-55
CUST-0149,Aanya Rao,Male,49,Bangalore,2,Silver,29-Nov-21,aanya.rao@example.com,Age 46-55
CUST-0154,Imran Khan,Male,52,Mumbai,2,Silver,15-Dec-20,imran.khan@example.com,Age 46-55
CUST-0158,Amit Patel,Female,54,Hyderabad,1,Silver,26-Jun-23,amit.patel@example.com,Age 46-55
CUST-0162,Ishaan Reddy,Male,50,Bangalore,3,Silver,21-Jul-23,ishaan.reddy@example.com,Age 46-55
CUST-0170,Sneha Sharma,Female,48,Hyderabad,1,Silver,04-Oct-23,sneha.sharma@example.com,Age 46-55
CUST-0173,Rahul Khan,Male,52,Chennai,4,Silver,19-Dec-23,rahul.khan@example.com,Age 46-55
CUST-0182,Aditya Sharma,Male,51,Hyderabad,1,Silver,04-Jan-23,aditya.sharma@example.com,Age 46-55
CUST-0188,Simran Sharma,Male,46,Pune,1,Silver,12-Oct-22,simran.sharma@example.com,Age 46-55
CUST-0189,Anaya Verma,Male,53,Bangalore,2,Silver,07-Jun-20,anaya.verma@example.com,Age 46-55
CUST-0192,Aarav Kapoor,Male,53,Hyderabad,2,Silver,29-Apr-20,aarav.kapoor@example.com,Age 46-55
CUST-0194,Pooja Mehta,Male,54,Delhi,3,Silver,18-Jan-21,pooja.mehta@example.com,Age 46-55
CUST-0197,Aarav Kapoor,Female,52,Delhi,4,Silver,30-Nov-23,aarav.kapoor@example.com,Age 46-55
CUST-0198,Simran Kapoor,Female,52,Chennai,3,Silver,12-Jul-20,simran.kapoor@example.com,Age 46-55
CUST-0200,Pooja Patel,Male,53,Pune,2,Silver,10-Aug-22,pooja.patel@example.com,Age 46-55
CUST-0203,Neha Rao,Male,49,Mumbai,4,Silver,22-Feb-23,neha.rao@example.com,Age 46-55
CUST-0206,Anaya Khan,Male,49,Mumbai,2,Silver,18-Feb-23,anaya.khan@example.com,Age 46-55
CUST-0207,Sneha Sharma,Female,54,Mumbai,2,Silver,24-Jul-21,sneha.sharma@example.com,Age 46-55
CUST-0214,Karan Kapoor,Male,47,Hyderabad,4,Silver,01-Mar-22,karan.kapoor@example.com,Age 46-55
CUST-0222,Vivaan Mehta,Male,53,Hyderabad,1,Silver,17-Nov-20,vivaan.mehta@example.com,Age 46-55
CUST-0231,Rohit Mehta,Female,48,Hyderabad,3,Silver,12-Feb-20,rohit.mehta@example.com,Age 46-55
CUST-0236,Myra Mehta,Female,52,Pune,4,Silver,05-Sep-22,myra.mehta@example.com,Age 46-55
CUST-0248,Priya Rao,Male,48,Hyderabad,1,Silver,23-Feb-23,priya.rao@example.com,Age 46-55
CUST-0252,Imran Chopra,Male,46,Delhi,1,Silver,22-Dec-21,imran.chopra@example.com,Age 46-55
CUST-0262,Pooja Rao,Female,55,Kolkata,3,Silver,24-Aug-22,pooja.rao@example.com,Age 46-55
CUST-0273,Rohit Rao,Female,54,Bangalore,3,Silver,11-Aug-20,rohit.rao@example.com,Age 46-55
CUST-0274,Aditya Chopra,Female,55,Kolkata,2,Silver,19-Jul-20,aditya.chopra@example.com,Age 46-55
CUST-0286,Rahul Mehta,Male,53,Mumbai,4,Silver,19-Jul-22,rahul.mehta@example.com,Age 46-55
CUST-0288,Aanya Reddy,Male,48,Hyderabad,3,Silver,23-Jul-22,aanya.reddy@example.com,Age 46-55
CUST-0311,Neha Patel,Female,50,Hyderabad,2,Silver,04-Sep-22,neha.patel@example.com,Age 46-55
CUST-0323,Neha Kapoor,Female,54,Chennai,4,Silver,07-May-23,neha.kapoor@example.com,Age 46-55
CUST-0325,Karan Kapoor,Female,52,Pune,1,Silver,10-Sep-23,karan.kapoor@example.com,Age 46-55
CUST-0333,Sneha Sharma,Female,48,Delhi,2,Silver,26-Nov-22,sneha.sharma@example.com,Age 46-55
CUST-0344,Sneha Sharma,Female,55,Kolkata,3,Silver,20-Apr-23,sneha.sharma@example.com,Age 46-55
CUST-0355,Aditya Gupta,Female,54,Kolkata,1,Silver,14-Jul-22,aditya.gupta@example.com,Age 46-55
CUST-0361,Aanya Gupta,Female,50,Chennai,1,Silver,08-May-23,aanya.gupta@example.com,Age 46-55
CUST-0366,Priya Chopra,Male,46,Mumbai,3,Silver,12-Dec-22,priya.chopra@example.com,Age 46-55
CUST-0369,Kabir Verma,Male,52,Delhi,3,Silver,19-Jan-23,kabir.verma@example.com,Age 46-55
CUST-0377,Vivaan Gupta,Female,47,Bangalore,2,Silver,31-Jan-22,vivaan.gupta@example.com,Age 46-55
CUST-0380,Neha Rao,Male,50,Hyderabad,3,Silver,04-Jun-20,neha.rao@example.com,Age 46-55
CUST-0383,Simran Mehta,Female,49,Delhi,2,Silver,17-Mar-22,simran.mehta@example.com,Age 46-55
CUST-0392,Aanya Rao,Male,50,Kolkata,4,Silver,28-Dec-20,aanya.rao@example.com,Age 46-55
CUST-0403,Priya Gupta,Male,48,Pune,2,Silver,06-Apr-23,priya.gupta@example.com,Age 46-55
CUST-0405,Anaya Gupta,Female,55,Mumbai,4,Silver,22-Mar-20,anaya.gupta@example.com,Age 46-55
CUST-0424,Aanya Gupta,Male,49,Bangalore,4,Silver,14-Jan-22,aanya.gupta@example.com,Age 46-55
CUST-0437,Pooja Sharma,Female,47,Delhi,1,Silver,21-Feb-20,pooja.sharma@example.com,Age 46-55
CUST-0438,Myra Gupta,Female,47,Chennai,4,Silver,15-Feb-21,myra.gupta@example.com,Age 46-55
CUST-0450,Amit Khan,Female,55,Chennai,1,Silver,12-Jul-22,amit.khan@example.com,Age 46-55
CUST-0453,Ishaan Rao,Female,51,Mumbai,4,Silver,06-Feb-21,ishaan.rao@example.com,Age 46-55
CUST-0455,Karan Chopra,Male,47,Mumbai,3,Silver,20-Sep-21,karan.chopra@example.com,Age 46-55
CUST-0458,Rohit Sharma,Female,51,Kolkata,1,Silver,09-Aug-21,rohit.sharma@example.com,Age 46-55
CUST-0459,Imran Gupta,Male,55,Bangalore,4,Silver,09-Sep-22,imran.gupta@example.com,Age 46-55
CUST-0460,Karan Gupta,Male,50,Bangalore,4,Silver,18-Feb-23,karan.gupta@example.com,Age 46-55
CUST-0463,Aanya Rao,Female,47,Hyderabad,2,Silver,11-Sep-21,aanya.rao@example.com,Age 46-55
CUST-0467,Kabir Reddy,Female,46,Pune,4,Silver,19-Jan-21,kabir.reddy@example.com,Age 46-55
CUST-0476,Aanya Patel,Female,51,Delhi,3,Silver,10-Jul-21,aanya.patel@example.com,Age 46-55
CUST-0487,Imran Reddy,Male,48,Pune,1,Silver,08-Jul-20,imran.reddy@example.com,Age 46-55
CUST-0496,Aanya Mehta,Male,49,Chennai,2,Silver,17-Sep-20,aanya.mehta@example.com,Age 46-55
CUST-0499,Rohit Reddy,Male,46,Kolkata,2,Silver,24-May-21,rohit.reddy@example.com,Age 46-55
CUST-0500,Priya Reddy,Female,49,Chennai,1,Silver,17-Mar-21,priya.reddy@example.com,Age 46-55
CUST-0006,Aarav Patel,Female,35,Pune,4,Silver,03-Oct-22,aarav.patel@example.com,Age 26-35
CUST-0023,Ishaan Sharma,Female,34,Hyderabad,1,Silver,23-Mar-20,ishaan.sharma@example.com,Age 26-35
CUST-0036,Myra Kapoor,Male,30,Kolkata,3,Silver,08-Sep-20,myra.kapoor@example.com,Age 26-35
CUST-0045,Aditya Gupta,Female,31,Chennai,1,Silver,19-Sep-23,aditya.gupta@example.com,Age 26-35
CUST-0046,Rohit Patel,Female,29,Kolkata,1,Silver,18-Sep-22,rohit.patel@example.com,Age 26-35
CUST-0048,Rahul Reddy,Male,32,Kolkata,4,Silver,26-Apr-21,rahul.reddy@example.com,Age 26-35
CUST-0077,Aanya Mehta,Female,33,Kolkata,4,Silver,03-Feb-23,aanya.mehta@example.com,Age 26-35
CUST-0078,Amit Gupta,Female,30,Pune,4,Silver,13-Aug-20,amit.gupta@example.com,Age 26-35
CUST-0082,Neha Chopra,Female,34,Mumbai,1,Silver,13-Jul-23,neha.chopra@example.com,Age 26-35
CUST-0090,Pooja Kapoor,Female,29,Mumbai,4,Silver,24-Apr-21,pooja.kapoor@example.com,Age 26-35
CUST-0101,Aarav Gupta,Male,33,Chennai,1,Silver,25-May-21,aarav.gupta@example.com,Age 26-35
CUST-0107,Neha Gupta,Female,29,Chennai,1,Silver,12-Oct-23,neha.gupta@example.com,Age 26-35
CUST-0109,Aditya Patel,Female,33,Delhi,2,Silver,10-Mar-22,aditya.patel@example.com,Age 26-35
CUST-0113,Diya Verma,Female,31,Chennai,4,Silver,23-Dec-21,diya.verma@example.com,Age 26-35
CUST-0120,Kabir Mehta,Male,29,Pune,3,Silver,08-Jul-20,kabir.mehta@example.com,Age 26-35
CUST-0137,Aanya Reddy,Male,27,Mumbai,2,Silver,06-Aug-23,aanya.reddy@example.com,Age 26-35
CUST-0144,Aanya Verma,Female,33,Kolkata,3,Silver,19-Sep-21,aanya.verma@example.com,Age 26-35
CUST-0153,Priya Verma,Male,29,Hyderabad,1,Silver,01-Feb-23,priya.verma@example.com,Age 26-35
CUST-0159,Priya Reddy,Male,29,Mumbai,1,Silver,21-Apr-20,priya.reddy@example.com,Age 26-35
CUST-0164,Ira Reddy,Female,27,Bangalore,3,Silver,23-Mar-22,ira.reddy@example.com,Age 26-35
CUST-0169,Amit Verma,Male,29,Delhi,3,Silver,08-Jun-22,amit.verma@example.com,Age 26-35
CUST-0175,Rahul Verma,Female,34,Chennai,1,Silver,13-Nov-23,rahul.verma@example.com,Age 26-35
CUST-0180,Myra Chopra,Male,27,Delhi,1,Silver,05-Nov-21,myra.chopra@example.com,Age 26-35
CUST-0187,Ira Verma,Female,28,Chennai,4,Silver,26-Feb-21,ira.verma@example.com,Age 26-35
CUST-0193,Karan Reddy,Male,27,Delhi,3,Silver,29-May-21,karan.reddy@example.com,Age 26-35
CUST-0201,Ishaan Rao,Male,35,Delhi,1,Silver,20-Oct-20,ishaan.rao@example.com,Age 26-35
CUST-0215,Pooja Chopra,Male,34,Kolkata,2,Silver,23-Dec-23,pooja.chopra@example.com,Age 26-35
CUST-0220,Diya Patel,Male,30,Chennai,3,Silver,25-May-22,diya.patel@example.com,Age 26-35
CUST-0227,Anaya Kapoor,Male,26,Chennai,2,Silver,26-Aug-23,anaya.kapoor@example.com,Age 26-35
CUST-0230,Ira Sharma,Male,31,Mumbai,2,Silver,02-Apr-23,ira.sharma@example.com,Age 26-35
CUST-0242,Aanya Mehta,Male,33,Pune,1,Silver,22-Sep-22,aanya.mehta@example.com,Age 26-35
CUST-0254,Aditya Rao,Male,28,Delhi,2,Silver,14-Nov-23,aditya.rao@example.com,Age 26-35
CUST-0257,Imran Gupta,Male,29,Bangalore,2,Silver,25-Aug-22,imran.gupta@example.com,Age 26-35
CUST-0259,Sneha Gupta,Female,27,Hyderabad,2,Silver,23-Aug-20,sneha.gupta@example.com,Age 26-35
CUST-0268,Anaya Patel,Female,26,Kolkata,4,Silver,12-Nov-22,anaya.patel@example.com,Age 26-35
CUST-0281,Pooja Patel,Female,34,Delhi,2,Silver,03-Jun-20,pooja.patel@example.com,Age 26-35
CUST-0293,Simran Verma,Male,27,Hyderabad,2,Silver,09-Apr-22,simran.verma@example.com,Age 26-35
CUST-0299,Kabir Kapoor,Male,30,Kolkata,3,Silver,19-Mar-22,kabir.kapoor@example.com,Age 26-35
CUST-0308,Priya Mehta,Female,30,Delhi,3,Silver,22-Sep-20,priya.mehta@example.com,Age 26-35
CUST-0331,Diya Mehta,Male,31,Chennai,3,Silver,27-May-21,diya.mehta@example.com,Age 26-35
CUST-0332,Ishaan Kapoor,Male,32,Chennai,4,Silver,15-Jul-20,ishaan.kapoor@example.com,Age 26-35
CUST-0336,Rohit Mehta,Female,33,Pune,1,Silver,01-Feb-24,rohit.mehta@example.com,Age 26-35
CUST-0338,Ira Verma,Male,28,Bangalore,4,Silver,01-Jan-21,ira.verma@example.com,Age 26-35
CUST-0340,Simran Verma,Female,27,Delhi,4,Silver,17-Jun-21,simran.verma@example.com,Age 26-35
CUST-0363,Imran Kapoor,Male,30,Pune,3,Silver,22-Aug-20,imran.kapoor@example.com,Age 26-35
CUST-0367,Myra Patel,Female,30,Chennai,4,Silver,24-Feb-23,myra.patel@example.com,Age 26-35
CUST-0376,Neha Patel,Female,27,Hyderabad,4,Silver,31-Mar-23,neha.patel@example.com,Age 26-35
CUST-0382,Aditya Rao,Female,35,Pune,4,Silver,25-Sep-23,aditya.rao@example.com,Age 26-35
CUST-0385,Anaya Verma,Male,28,Chennai,4,Silver,25-Dec-21,anaya.verma@example.com,Age 26-35
CUST-0401,Ishaan Mehta,Female,34,Chennai,2,Silver,29-Sep-22,ishaan.mehta@example.com,Age 26-35
CUST-0410,Priya Verma,Female,27,Delhi,4,Silver,13-Nov-21,priya.verma@example.com,Age 26-35
CUST-0411,Pooja Patel,Male,27,Bangalore,4,Silver,26-May-20,pooja.patel@example.com,Age 26-35
CUST-0413,Rahul Khan,Female,34,Delhi,1,Silver,13-Aug-22,rahul.khan@example.com,Age 26-35
CUST-0415,Rahul Chopra,Male,31,Delhi,2,Silver,06-Apr-21,rahul.chopra@example.com,Age 26-35
CUST-0416,Vivaan Reddy,Male,26,Bangalore,2,Silver,20-Jan-20,vivaan.reddy@example.com,Age 26-35
CUST-0443,Ishaan Chopra,Male,32,Mumbai,1,Silver,30-Jun-22,ishaan.chopra@example.com,Age 26-35
CUST-0454,Pooja Sharma,Female,35,Kolkata,4,Silver,05-Aug-21,pooja.sharma@example.com,Age 26-35
CUST-0456,Anaya Rao,Male,32,Pune,2,Silver,06-Jan-20,anaya.rao@example.com,Age 26-35
CUST-0462,Priya Patel,Male,32,Hyderabad,1,Silver,07-Aug-23,priya.patel@example.com,Age 26-35
CUST-0465,Vivaan Mehta,Female,34,Mumbai,3,Silver,01-Oct-21,vivaan.mehta@example.com,Age 26-35
CUST-0469,Anaya Reddy,Male,27,Bangalore,4,Silver,09-Oct-23,anaya.reddy@example.com,Age 26-35
CUST-0479,Kabir Mehta,Male,30,Mumbai,3,Silver,02-Mar-22,kabir.mehta@example.com,Age 26-35
CUST-0486,Karan Reddy,Female,33,Mumbai,2,Silver,24-Apr-22,karan.reddy@example.com,Age 26-35
CUST-0488,Ira Verma,Female,28,Kolkata,1,Silver,13-Jul-20,ira.verma@example.com,Age 26-35
CUST-0003,Vivaan Patel,Male,40,Delhi,1,Silver,20-Mar-23,vivaan.patel@example.com,Age 36-35
CUST-0005,Diya Rao,Male,20,Bangalore,4,Silver,03-Jan-20,diya.rao@example.com,Age 18-25
CUST-0007,Ira Verma,Male,42,Pune,1,Silver,03-Jul-23,ira.verma@example.com,Age 36-35
CUST-0008,Amit Chopra,Male,59,Delhi,3,Silver,29-Jul-21,amit.chopra@example.com,Age 56-65
CUST-0010,Aarav Mehta,Female,20,Delhi,1,Silver,26-Nov-23,aarav.mehta@example.com,Age 18-25
CUST-0012,Amit Chopra,Male,63,Hyderabad,3,Silver,19-Nov-23,amit.chopra@example.com,Age 56-65
CUST-0020,Aarav Patel,Male,59,Hyderabad,1,Silver,13-Jul-20,aarav.patel@example.com,Age 56-65
CUST-0021,Amit Rao,Female,19,Delhi,2,Silver,02-May-23,amit.rao@example.com,Age 18-25
CUST-0022,Rohit Mehta,Male,43,Mumbai,4,Silver,29-Nov-21,rohit.mehta@example.com,Age 36-35
CUST-0027,Aarav Reddy,Female,60,Mumbai,4,Silver,27-May-20,aarav.reddy@example.com,Age 56-65
CUST-0035,Aanya Gupta,Female,41,Bangalore,4,Silver,02-Jan-24,aanya.gupta@example.com,Age 36-35
CUST-0040,Imran Verma,Male,37,Chennai,4,Silver,06-Dec-23,imran.verma@example.com,Age 36-35
CUST-0042,Myra Khan,Male,25,Mumbai,1,Silver,17-Jun-21,myra.khan@example.com,Age 18-25
CUST-0049,Rahul Chopra,Female,45,Hyderabad,3,Silver,10-Jun-21,rahul.chopra@example.com,Age 36-35
CUST-0051,Diya Rao,Male,19,Delhi,2,Silver,21-Dec-23,diya.rao@example.com,Age 18-25
CUST-0054,Aanya Verma,Female,39,Hyderabad,2,Silver,30-Dec-22,aanya.verma@example.com,Age 36-35
CUST-0055,Anaya Patel,Male,42,Delhi,3,Silver,03-Feb-21,anaya.patel@example.com,Age 36-35
CUST-0057,Sneha Sharma,Female,39,Delhi,2,Silver,18-Oct-23,sneha.sharma@example.com,Age 36-35
CUST-0058,Neha Mehta,Male,59,Hyderabad,4,Silver,14-Aug-21,neha.mehta@example.com,Age 56-65
CUST-0065,Neha Gupta,Male,61,Hyderabad,2,Silver,16-May-22,neha.gupta@example.com,Age 56-65
CUST-0066,Rahul Verma,Female,61,Bangalore,2,Silver,27-Apr-20,rahul.verma@example.com,Age 56-65
CUST-0067,Imran Chopra,Female,22,Kolkata,1,Silver,30-Dec-21,imran.chopra@example.com,Age 18-25
CUST-0068,Vivaan Gupta,Male,56,Chennai,1,Silver,06-Jan-24,vivaan.gupta@example.com,Age 56-65
CUST-0070,Aarav Sharma,Female,23,Delhi,1,Silver,03-Oct-21,aarav.sharma@example.com,Age 18-25
CUST-0071,Kabir Verma,Female,62,Delhi,3,Silver,20-May-20,kabir.verma@example.com,Age 56-65
CUST-0083,Priya Chopra,Male,36,Mumbai,4,Silver,24-Mar-22,priya.chopra@example.com,Age 36-35
CUST-0085,Aanya Kapoor,Male,43,Hyderabad,2,Silver,30-Sep-22,aanya.kapoor@example.com,Age 36-35
CUST-0088,Karan Patel,Male,40,Chennai,2,Silver,17-Oct-21,karan.patel@example.com,Age 36-35
CUST-0097,Karan Kapoor,Female,42,Mumbai,4,Silver,02-Aug-22,karan.kapoor@example.com,Age 36-35
CUST-0098,Kabir Chopra,Female,57,Pune,3,Silver,18-Sep-21,kabir.chopra@example.com,Age 56-65
CUST-0099,Priya Verma,Female,62,Delhi,1,Silver,02-Jun-22,priya.verma@example.com,Age 56-65
CUST-0100,Rohit Gupta,Male,18,Kolkata,1,Silver,27-Sep-23,rohit.gupta@example.com,Age 18-25
CUST-0108,Neha Rao,Female,43,Bangalore,3,Silver,15-Nov-20,neha.rao@example.com,Age 36-35
CUST-0114,Karan Mehta,Female,45,Delhi,1,Silver,04-Jun-23,karan.mehta@example.com,Age 36-35
CUST-0115,Aditya Reddy,Male,22,Delhi,3,Silver,21-Apr-23,aditya.reddy@example.com,Age 18-25
CUST-0116,Karan Khan,Female,64,Bangalore,1,Silver,24-Jan-21,karan.khan@example.com,Age 56-65
CUST-0118,Ishaan Rao,Female,63,Pune,1,Silver,18-Apr-21,ishaan.rao@example.com,Age 56-65
CUST-0119,Karan Khan,Female,22,Hyderabad,3,Silver,29-Mar-23,karan.khan@example.com,Age 18-25
CUST-0125,Amit Rao,Male,38,Pune,4,Silver,10-Jun-20,amit.rao@example.com,Age 36-35
CUST-0126,Karan Kapoor,Female,56,Hyderabad,1,Silver,05-Jul-22,karan.kapoor@example.com,Age 56-65
CUST-0140,Kabir Patel,Male,18,Bangalore,3,Silver,20-Jan-23,kabir.patel@example.com,Age 18-25
CUST-0142,Sneha Reddy,Male,62,Pune,2,Silver,21-Dec-21,sneha.reddy@example.com,Age 56-65
CUST-0143,Pooja Gupta,Female,21,Chennai,2,Silver,14-Apr-21,pooja.gupta@example.com,Age 18-25
CUST-0145,Amit Rao,Female,41,Hyderabad,3,Silver,20-Oct-20,amit.rao@example.com,Age 36-35
CUST-0147,Aditya Rao,Male,19,Chennai,1,Silver,09-Nov-22,aditya.rao@example.com,Age 18-25
CUST-0148,Myra Rao,Male,45,Chennai,4,Silver,17-Sep-23,myra.rao@example.com,Age 36-35
CUST-0152,Karan Sharma,Male,41,Hyderabad,4,Silver,02-Nov-20,karan.sharma@example.com,Age 36-35
CUST-0157,Amit Mehta,Male,60,Bangalore,2,Silver,02-Jun-23,amit.mehta@example.com,Age 56-65
CUST-0161,Neha Khan,Male,18,Kolkata,3,Silver,08-Jun-20,neha.khan@example.com,Age 18-25
CUST-0163,Simran Kapoor,Female,57,Delhi,4,Silver,26-Oct-23,simran.kapoor@example.com,Age 56-65
CUST-0166,Aditya Reddy,Male,61,Chennai,1,Silver,01-Jan-23,aditya.reddy@example.com,Age 56-65
CUST-0172,Myra Verma,Male,19,Bangalore,4,Silver,11-Dec-21,myra.verma@example.com,Age 18-25
CUST-0176,Myra Sharma,Female,43,Mumbai,2,Silver,23-Feb-22,myra.sharma@example.com,Age 36-35
CUST-0177,Rahul Sharma,Male,25,Chennai,3,Silver,16-Nov-20,rahul.sharma@example.com,Age 18-25
CUST-0179,Anaya Sharma,Male,43,Mumbai,2,Silver,30-Mar-23,anaya.sharma@example.com,Age 36-35
CUST-0181,Neha Patel,Male,43,Hyderabad,1,Silver,16-Oct-22,neha.patel@example.com,Age 36-35
CUST-0183,Vivaan Reddy,Female,58,Pune,2,Silver,27-Jul-23,vivaan.reddy@example.com,Age 56-65
CUST-0184,Rohit Gupta,Male,24,Hyderabad,1,Silver,11-Jul-21,rohit.gupta@example.com,Age 18-25
CUST-0185,Kabir Kapoor,Male,21,Bangalore,1,Silver,22-Jan-22,kabir.kapoor@example.com,Age 18-25
CUST-0186,Rahul Chopra,Male,62,Kolkata,4,Silver,19-Jun-22,rahul.chopra@example.com,Age 56-65
CUST-0190,Diya Sharma,Female,42,Bangalore,4,Silver,29-Aug-20,diya.sharma@example.com,Age 36-35
CUST-0202,Pooja Gupta,Female,56,Chennai,1,Silver,04-Jan-20,pooja.gupta@example.com,Age 56-65
CUST-0217,Imran Patel,Female,65,Pune,3,Silver,22-Jun-21,imran.patel@example.com,Age 56-65
CUST-0219,Aanya Rao,Female,39,Chennai,1,Silver,21-Jun-20,aanya.rao@example.com,Age 36-35
CUST-0221,Simran Kapoor,Male,36,Delhi,1,Silver,20-Mar-20,simran.kapoor@example.com,Age 36-35
CUST-0228,Anaya Khan,Female,24,Bangalore,4,Silver,12-Jan-20,anaya.khan@example.com,Age 18-25
CUST-0229,Rohit Mehta,Male,45,Bangalore,3,Silver,22-Apr-21,rohit.mehta@example.com,Age 36-35
CUST-0232,Aditya Verma,Female,36,Chennai,2,Silver,15-Oct-22,aditya.verma@example.com,Age 36-35
CUST-0233,Simran Verma,Female,64,Pune,4,Silver,03-Feb-23,simran.verma@example.com,Age 56-65
CUST-0239,Myra Gupta,Male,38,Hyderabad,1,Silver,15-Jan-21,myra.gupta@example.com,Age 36-35
CUST-0243,Ira Rao,Female,56,Pune,3,Silver,04-Jan-24,ira.rao@example.com,Age 56-65
CUST-0244,Sneha Rao,Male,62,Bangalore,4,Silver,29-May-22,sneha.rao@example.com,Age 56-65
CUST-0245,Sneha Khan,Male,59,Bangalore,4,Silver,29-Jul-23,sneha.khan@example.com,Age 56-65
CUST-0246,Neha Patel,Female,56,Hyderabad,1,Silver,14-Jun-20,neha.patel@example.com,Age 56-65
CUST-0249,Ira Gupta,Male,22,Chennai,2,Silver,19-Nov-22,ira.gupta@example.com,Age 18-25
CUST-0253,Rohit Patel,Female,60,Mumbai,4,Silver,30-Jan-24,rohit.patel@example.com,Age 56-65
CUST-0256,Ishaan Kapoor,Male,64,Hyderabad,4,Silver,01-May-20,ishaan.kapoor@example.com,Age 56-65
CUST-0264,Rohit Kapoor,Male,63,Mumbai,2,Silver,19-Jan-22,rohit.kapoor@example.com,Age 56-65
CUST-0266,Imran Kapoor,Female,57,Mumbai,4,Silver,04-Apr-21,imran.kapoor@example.com,Age 56-65
CUST-0271,Aditya Sharma,Female,22,Hyderabad,4,Silver,16-Feb-20,aditya.sharma@example.com,Age 18-25
CUST-0275,Karan Gupta,Male,36,Bangalore,1,Silver,07-Dec-23,karan.gupta@example.com,Age 36-35
CUST-0276,Imran Rao,Female,25,Hyderabad,4,Silver,10-Oct-20,imran.rao@example.com,Age 18-25
CUST-0277,Diya Khan,Male,65,Hyderabad,2,Silver,09-May-23,diya.khan@example.com,Age 56-65
CUST-0279,Myra Gupta,Male,18,Kolkata,2,Silver,25-Jan-24,myra.gupta@example.com,Age 18-25
CUST-0284,Aanya Chopra,Male,62,Kolkata,2,Silver,06-Feb-22,aanya.chopra@example.com,Age 56-65
CUST-0290,Amit Reddy,Female,61,Bangalore,2,Silver,16-Dec-21,amit.reddy@example.com,Age 56-65
CUST-0291,Kabir Gupta,Male,56,Chennai,4,Silver,31-Jan-22,kabir.gupta@example.com,Age 56-65
CUST-0294,Rahul Gupta,Female,43,Mumbai,3,Silver,06-Jan-20,rahul.gupta@example.com,Age 36-35
CUST-0295,Ira Reddy,Female,36,Mumbai,4,Silver,30-Jun-22,ira.reddy@example.com,Age 36-35
CUST-0296,Anaya Verma,Female,56,Pune,3,Silver,09-Jul-21,anaya.verma@example.com,Age 56-65
CUST-0297,Simran Patel,Female,20,Pune,2,Silver,12-Aug-20,simran.patel@example.com,Age 18-25
CUST-0298,Vivaan Rao,Male,62,Bangalore,2,Silver,08-Jul-23,vivaan.rao@example.com,Age 56-65
CUST-0300,Neha Gupta,Female,45,Mumbai,2,Silver,12-May-22,neha.gupta@example.com,Age 36-35
CUST-0302,Vivaan Gupta,Male,45,Chennai,4,Silver,11-Feb-20,vivaan.gupta@example.com,Age 36-35
CUST-0303,Neha Verma,Male,25,Hyderabad,4,Silver,09-Jul-21,neha.verma@example.com,Age 18-25
CUST-0304,Vivaan Verma,Female,58,Delhi,2,Silver,15-Sep-20,vivaan.verma@example.com,Age 56-65
CUST-0305,Aanya Gupta,Female,56,Delhi,3,Silver,17-Nov-22,aanya.gupta@example.com,Age 56-65
CUST-0307,Karan Rao,Female,20,Bangalore,1,Silver,28-Jan-23,karan.rao@example.com,Age 18-25
CUST-0314,Rohit Chopra,Male,61,Kolkata,2,Silver,08-Mar-23,rohit.chopra@example.com,Age 56-65
CUST-0317,Amit Khan,Male,62,Chennai,1,Silver,18-Aug-21,amit.khan@example.com,Age 56-65
CUST-0318,Neha Reddy,Male,64,Kolkata,4,Silver,12-Mar-20,neha.reddy@example.com,Age 56-65
CUST-0319,Sneha Chopra,Male,38,Pune,3,Silver,06-Feb-24,sneha.chopra@example.com,Age 36-35
CUST-0326,Priya Khan,Female,36,Delhi,2,Silver,04-Jun-23,priya.khan@example.com,Age 36-35
CUST-0327,Karan Kapoor,Male,37,Bangalore,4,Silver,22-May-22,karan.kapoor@example.com,Age 36-35
CUST-0329,Rohit Reddy,Female,64,Bangalore,3,Silver,02-May-21,rohit.reddy@example.com,Age 56-65
CUST-0334,Priya Sharma,Male,18,Bangalore,2,Silver,06-Sep-21,priya.sharma@example.com,Age 18-25
CUST-0343,Myra Reddy,Male,25,Kolkata,4,Silver,28-Aug-23,myra.reddy@example.com,Age 18-25
CUST-0347,Priya Verma,Male,45,Bangalore,4,Silver,24-Mar-22,priya.verma@example.com,Age 36-35
CUST-0353,Amit Patel,Male,45,Mumbai,2,Silver,01-Nov-20,amit.patel@example.com,Age 36-35
CUST-0354,Aarav Gupta,Female,45,Mumbai,3,Silver,25-Apr-22,aarav.gupta@example.com,Age 36-35
CUST-0358,Ira Rao,Female,44,Chennai,4,Silver,03-Nov-23,ira.rao@example.com,Age 36-35
CUST-0362,Aditya Khan,Male,37,Pune,1,Silver,30-Jun-22,aditya.khan@example.com,Age 36-35
CUST-0364,Aanya Chopra,Female,45,Kolkata,1,Silver,27-Aug-21,aanya.chopra@example.com,Age 36-35
CUST-0365,Amit Verma,Male,65,Delhi,1,Silver,14-Jan-20,amit.verma@example.com,Age 56-65
CUST-0368,Pooja Reddy,Female,63,Kolkata,2,Silver,19-Aug-20,pooja.reddy@example.com,Age 56-65
CUST-0370,Aanya Mehta,Male,23,Mumbai,1,Silver,06-Jun-20,aanya.mehta@example.com,Age 18-25
CUST-0372,Ira Reddy,Female,22,Bangalore,4,Silver,08-Jul-23,ira.reddy@example.com,Age 18-25
CUST-0375,Aditya Verma,Male,19,Mumbai,1,Silver,26-Feb-21,aditya.verma@example.com,Age 18-25
CUST-0378,Imran Gupta,Male,62,Kolkata,4,Silver,18-Jun-23,imran.gupta@example.com,Age 56-65
CUST-0381,Anaya Gupta,Female,18,Pune,4,Silver,10-Aug-23,anaya.gupta@example.com,Age 18-25
CUST-0386,Imran Sharma,Female,38,Hyderabad,3,Silver,07-Aug-23,imran.sharma@example.com,Age 36-35
CUST-0387,Imran Reddy,Male,43,Kolkata,1,Silver,19-Oct-22,imran.reddy@example.com,Age 36-35
CUST-0389,Ishaan Reddy,Male,39,Mumbai,3,Silver,21-Jul-20,ishaan.reddy@example.com,Age 36-35
CUST-0390,Priya Reddy,Male,44,Kolkata,2,Silver,16-Oct-21,priya.reddy@example.com,Age 36-35
CUST-0402,Rohit Patel,Female,22,Mumbai,2,Silver,08-Jan-24,rohit.patel@example.com,Age 18-25
CUST-0404,Myra Chopra,Male,22,Delhi,2,Silver,18-Nov-22,myra.chopra@example.com,Age 18-25
CUST-0406,Vivaan Patel,Female,20,Bangalore,4,Silver,04-Aug-21,vivaan.patel@example.com,Age 18-25
CUST-0407,Rohit Gupta,Female,40,Kolkata,2,Silver,25-Jan-20,rohit.gupta@example.com,Age 36-35
CUST-0418,Karan Patel,Female,18,Bangalore,2,Silver,11-Sep-22,karan.patel@example.com,Age 18-25
CUST-0421,Ishaan Sharma,Female,21,Bangalore,2,Silver,28-Dec-23,ishaan.sharma@example.com,Age 18-25
CUST-0426,Ishaan Rao,Male,45,Mumbai,3,Silver,13-Oct-23,ishaan.rao@example.com,Age 36-35
CUST-0429,Ira Verma,Male,56,Hyderabad,4,Silver,14-Nov-21,ira.verma@example.com,Age 56-65
CUST-0435,Aanya Sharma,Female,61,Bangalore,1,Silver,26-Jan-21,aanya.sharma@example.com,Age 56-65
CUST-0440,Kabir Reddy,Male,65,Pune,1,Silver,05-Oct-23,kabir.reddy@example.com,Age 56-65
CUST-0441,Myra Verma,Male,64,Mumbai,4,Silver,17-Jun-21,myra.verma@example.com,Age 56-65
CUST-0442,Diya Gupta,Female,40,Kolkata,2,Silver,10-Nov-20,diya.gupta@example.com,Age 36-35
CUST-0445,Kabir Chopra,Female,38,Mumbai,3,Silver,08-Jul-21,kabir.chopra@example.com,Age 36-35
CUST-0447,Imran Verma,Male,19,Chennai,1,Silver,30-Jul-23,imran.verma@example.com,Age 18-25
CUST-0449,Neha Sharma,Male,56,Hyderabad,1,Silver,26-Nov-21,neha.sharma@example.com,Age 56-65
CUST-0461,Rahul Kapoor,Female,41,Bangalore,1,Silver,05-Jul-22,rahul.kapoor@example.com,Age 36-35
CUST-0464,Priya Rao,Male,59,Pune,2,Silver,14-Apr-20,priya.rao@example.com,Age 56-65
CUST-0474,Kabir Kapoor,Female,41,Kolkata,4,Silver,08-Nov-22,kabir.kapoor@example.com,Age 36-35
CUST-0475,Sneha Gupta,Male,22,Delhi,1,Silver,08-Dec-22,sneha.gupta@example.com,Age 18-25
CUST-0477,Pooja Verma,Male,23,Hyderabad,1,Silver,02-Dec-20,pooja.verma@example.com,Age 18-25
CUST-0478,Aarav Rao,Female,19,Chennai,1,Silver,06-Apr-23,aarav.rao@example.com,Age 18-25
CUST-0481,Anaya Kapoor,Female,60,Hyderabad,4,Silver,01-Nov-22,anaya.kapoor@example.com,Age 56-65
CUST-0485,Amit Mehta,Male,40,Chennai,4,Silver,02-Mar-23,amit.mehta@example.com,Age 36-35
CUST-0490,Simran Gupta,Male,25,Bangalore,3,Silver,19-Jun-23,simran.gupta@example.com,Age 18-25
CUST-0492,Vivaan Verma,Male,57,Delhi,4,Silver,23-Jan-23,vivaan.verma@example.com,Age 56-65
CUST-0495,Kabir Reddy,Male,20,Delhi,3,Silver,05-Oct-23,kabir.reddy@example.com,Age 18-25
CUST-0497,Imran Rao,Male,20,Mumbai,3,Silver,01-Feb-23,imran.rao@example.com,Age 18-25
CUST-0498,Ira Chopra,Female,44,Kolkata,1,Silver,16-Jul-23,ira.chopra@example.com,Age 36-35
CUST-0001,Aditya Reddy,Male,38,Delhi,4,Gold,08-Jun-22,aditya.reddy@example.com,Age 36-35
CUST-0002,Kabir Rao,Female,49,Pune,1,Gold,12-Oct-21,kabir.rao@example.com,Age 46-55
CUST-0011,Aanya Gupta,Male,57,Pune,4,Gold,04-Aug-21,aanya.gupta@example.com,Age 56-65
CUST-0013,Sneha Kapoor,Male,41,Pune,3,Gold,25-Oct-20,sneha.kapoor@example.com,Age 36-35
CUST-0014,Diya Reddy,Male,49,Hyderabad,4,Gold,26-Dec-20,diya.reddy@example.com,Age 46-55
CUST-0016,Simran Kapoor,Male,39,Pune,3,Gold,12-Sep-21,simran.kapoor@example.com,Age 36-35
CUST-0017,Diya Reddy,Female,40,Mumbai,2,Gold,01-Feb-21,diya.reddy@example.com,Age 36-35
CUST-0024,Neha Rao,Female,57,Delhi,3,Gold,06-Mar-23,neha.rao@example.com,Age 56-65
CUST-0025,Vivaan Reddy,Female,50,Pune,4,Gold,18-Jun-23,vivaan.reddy@example.com,Age 46-55
CUST-0026,Imran Verma,Female,26,Bangalore,2,Gold,21-Aug-20,imran.verma@example.com,Age 26-35
CUST-0028,Neha Patel,Female,65,Delhi,4,Gold,02-Sep-20,neha.patel@example.com,Age 56-65
CUST-0029,Rohit Chopra,Female,56,Mumbai,2,Gold,09-Oct-22,rohit.chopra@example.com,Age 56-65
CUST-0030,Ira Gupta,Female,46,Kolkata,3,Gold,22-Sep-22,ira.gupta@example.com,Age 46-55
CUST-0032,Myra Sharma,Male,43,Hyderabad,1,Gold,28-Nov-21,myra.sharma@example.com,Age 36-35
CUST-0034,Imran Gupta,Female,42,Hyderabad,3,Gold,18-Jan-23,imran.gupta@example.com,Age 36-35
CUST-0037,Anaya Mehta,Female,24,Pune,2,Gold,05-Nov-23,anaya.mehta@example.com,Age 18-25
CUST-0039,Rohit Rao,Male,62,Delhi,1,Gold,24-Mar-21,rohit.rao@example.com,Age 56-65
CUST-0041,Diya Sharma,Male,18,Mumbai,1,Gold,30-Mar-20,diya.sharma@example.com,Age 18-25
CUST-0044,Ira Reddy,Female,33,Pune,3,Gold,06-Oct-21,ira.reddy@example.com,Age 26-35
CUST-0052,Pooja Verma,Female,49,Chennai,1,Gold,14-Jan-23,pooja.verma@example.com,Age 46-55
CUST-0053,Aditya Verma,Male,40,Kolkata,4,Gold,21-Feb-22,aditya.verma@example.com,Age 36-35
CUST-0056,Neha Sharma,Female,39,Pune,2,Gold,01-Feb-22,neha.sharma@example.com,Age 36-35
CUST-0060,Rahul Verma,Male,32,Bangalore,2,Gold,18-Oct-22,rahul.verma@example.com,Age 26-35
CUST-0061,Aarav Rao,Male,60,Kolkata,1,Gold,02-Mar-22,aarav.rao@example.com,Age 56-65
CUST-0062,Aditya Kapoor,Male,54,Bangalore,2,Gold,29-Mar-20,aditya.kapoor@example.com,Age 46-55
CUST-0064,Diya Mehta,Male,25,Kolkata,1,Gold,31-Dec-20,diya.mehta@example.com,Age 18-25
CUST-0069,Aanya Gupta,Female,21,Pune,4,Gold,04-Jul-21,aanya.gupta@example.com,Age 18-25
CUST-0074,Amit Khan,Female,64,Bangalore,2,Gold,23-Oct-23,amit.khan@example.com,Age 56-65
CUST-0076,Imran Mehta,Female,57,Mumbai,3,Gold,30-Sep-22,imran.mehta@example.com,Age 56-65
CUST-0079,Simran Rao,Male,59,Chennai,2,Gold,14-Feb-21,simran.rao@example.com,Age 56-65
CUST-0081,Rohit Kapoor,Male,36,Kolkata,4,Gold,02-Mar-22,rohit.kapoor@example.com,Age 36-35
CUST-0087,Diya Rao,Female,43,Hyderabad,3,Gold,22-Apr-22,diya.rao@example.com,Age 36-35
CUST-0089,Ishaan Kapoor,Female,26,Mumbai,4,Gold,30-Oct-20,ishaan.kapoor@example.com,Age 26-35
CUST-0092,Anaya Reddy,Female,18,Chennai,4,Gold,24-Dec-20,anaya.reddy@example.com,Age 18-25
CUST-0093,Kabir Verma,Female,64,Mumbai,1,Gold,12-Jul-22,kabir.verma@example.com,Age 56-65
CUST-0102,Priya Mehta,Female,56,Kolkata,3,Gold,12-Aug-21,priya.mehta@example.com,Age 56-65
CUST-0103,Sneha Patel,Female,22,Hyderabad,1,Gold,05-Jul-20,sneha.patel@example.com,Age 18-25
CUST-0106,Aditya Chopra,Female,20,Mumbai,4,Gold,11-Aug-22,aditya.chopra@example.com,Age 18-25
CUST-0111,Kabir Sharma,Female,39,Pune,2,Gold,29-Mar-23,kabir.sharma@example.com,Age 36-35
CUST-0121,Aanya Khan,Female,33,Mumbai,1,Gold,17-Sep-23,aanya.khan@example.com,Age 26-35
CUST-0123,Amit Patel,Female,43,Pune,3,Gold,25-Apr-21,amit.patel@example.com,Age 36-35
CUST-0124,Imran Gupta,Male,65,Hyderabad,3,Gold,02-Feb-24,imran.gupta@example.com,Age 56-65
CUST-0128,Pooja Verma,Male,50,Kolkata,2,Gold,27-Jul-23,pooja.verma@example.com,Age 46-55
CUST-0129,Aarav Sharma,Female,47,Chennai,2,Gold,31-Aug-21,aarav.sharma@example.com,Age 46-55
CUST-0130,Karan Gupta,Female,54,Hyderabad,1,Gold,02-Jun-22,karan.gupta@example.com,Age 46-55
CUST-0131,Anaya Kapoor,Female,40,Bangalore,4,Gold,12-May-21,anaya.kapoor@example.com,Age 36-35
CUST-0132,Anaya Verma,Male,27,Hyderabad,1,Gold,11-Nov-22,anaya.verma@example.com,Age 26-35
CUST-0135,Amit Reddy,Male,51,Kolkata,4,Gold,07-Sep-20,amit.reddy@example.com,Age 46-55
CUST-0136,Aarav Sharma,Male,48,Kolkata,1,Gold,05-May-22,aarav.sharma@example.com,Age 46-55
CUST-0138,Anaya Kapoor,Male,36,Kolkata,3,Gold,13-Dec-22,anaya.kapoor@example.com,Age 36-35
CUST-0146,Diya Verma,Male,33,Delhi,2,Gold,05-Nov-20,diya.verma@example.com,Age 26-35
CUST-0150,Imran Chopra,Female,44,Chennai,2,Gold,25-Dec-20,imran.chopra@example.com,Age 36-35
CUST-0151,Aanya Gupta,Male,37,Kolkata,1,Gold,22-Mar-22,aanya.gupta@example.com,Age 36-35
CUST-0155,Aarav Rao,Male,50,Hyderabad,4,Gold,30-Jan-24,aarav.rao@example.com,Age 46-55
CUST-0156,Ishaan Gupta,Female,50,Hyderabad,1,Gold,15-Mar-23,ishaan.gupta@example.com,Age 46-55
CUST-0160,Priya Patel,Female,20,Delhi,1,Gold,01-Jul-22,priya.patel@example.com,Age 18-25
CUST-0165,Aarav Mehta,Female,60,Pune,2,Gold,07-May-20,aarav.mehta@example.com,Age 56-65
CUST-0167,Aarav Rao,Female,46,Pune,4,Gold,06-Dec-20,aarav.rao@example.com,Age 46-55
CUST-0168,Imran Kapoor,Male,30,Hyderabad,1,Gold,31-Dec-23,imran.kapoor@example.com,Age 26-35
CUST-0171,Sneha Mehta,Female,63,Chennai,1,Gold,10-Sep-21,sneha.mehta@example.com,Age 56-65
CUST-0191,Anaya Gupta,Male,38,Mumbai,3,Gold,30-Mar-23,anaya.gupta@example.com,Age 36-35
CUST-0195,Ira Reddy,Male,26,Pune,3,Gold,11-Apr-20,ira.reddy@example.com,Age 26-35
CUST-0196,Vivaan Gupta,Female,41,Kolkata,2,Gold,26-Oct-22,vivaan.gupta@example.com,Age 36-35
CUST-0205,Kabir Chopra,Female,40,Pune,1,Gold,20-Jan-21,kabir.chopra@example.com,Age 36-35
CUST-0209,Amit Sharma,Female,30,Bangalore,1,Gold,16-Dec-21,amit.sharma@example.com,Age 26-35
CUST-0210,Amit Verma,Male,40,Kolkata,4,Gold,08-Jul-23,amit.verma@example.com,Age 36-35
CUST-0213,Simran Kapoor,Male,58,Bangalore,3,Gold,22-Nov-21,simran.kapoor@example.com,Age 56-65
CUST-0216,Imran Mehta,Male,37,Mumbai,4,Gold,18-Nov-23,imran.mehta@example.com,Age 36-35
CUST-0218,Rahul Mehta,Male,42,Hyderabad,1,Gold,15-Nov-20,rahul.mehta@example.com,Age 36-35
CUST-0224,Vivaan Reddy,Female,58,Bangalore,3,Gold,22-Mar-21,vivaan.reddy@example.com,Age 56-65
CUST-0225,Myra Chopra,Female,36,Mumbai,3,Gold,06-Jul-22,myra.chopra@example.com,Age 36-35
CUST-0226,Imran Patel,Female,29,Delhi,4,Gold,22-Jun-21,imran.patel@example.com,Age 26-35
CUST-0235,Rahul Verma,Female,22,Mumbai,2,Gold,01-Nov-21,rahul.verma@example.com,Age 18-25
CUST-0237,Imran Gupta,Female,29,Hyderabad,2,Gold,25-Nov-23,imran.gupta@example.com,Age 26-35
CUST-0238,Priya Patel,Female,42,Chennai,2,Gold,27-Apr-22,priya.patel@example.com,Age 36-35
CUST-0240,Priya Verma,Female,53,Bangalore,1,Gold,14-Dec-23,priya.verma@example.com,Age 46-55
CUST-0241,Ishaan Rao,Female,40,Pune,3,Gold,26-Aug-22,ishaan.rao@example.com,Age 36-35
CUST-0247,Rahul Kapoor,Male,31,Delhi,3,Gold,16-Jan-22,rahul.kapoor@example.com,Age 26-35
CUST-0251,Simran Chopra,Female,40,Pune,2,Gold,19-Aug-20,simran.chopra@example.com,Age 36-35
CUST-0255,Aarav Chopra,Male,35,Kolkata,2,Gold,26-Dec-20,aarav.chopra@example.com,Age 26-35
CUST-0260,Kabir Reddy,Male,61,Mumbai,2,Gold,21-Nov-23,kabir.reddy@example.com,Age 56-65
CUST-0263,Aarav Khan,Male,24,Kolkata,2,Gold,01-Jun-22,aarav.khan@example.com,Age 18-25
CUST-0267,Pooja Rao,Female,59,Mumbai,3,Gold,16-Feb-22,pooja.rao@example.com,Age 56-65
CUST-0269,Simran Rao,Male,44,Kolkata,4,Gold,12-Dec-23,simran.rao@example.com,Age 36-35
CUST-0270,Aarav Gupta,Male,19,Delhi,4,Gold,04-May-22,aarav.gupta@example.com,Age 18-25
CUST-0272,Diya Chopra,Female,46,Pune,4,Gold,18-Oct-23,diya.chopra@example.com,Age 46-55
CUST-0280,Rahul Reddy,Female,39,Bangalore,4,Gold,16-May-20,rahul.reddy@example.com,Age 36-35
CUST-0282,Ira Kapoor,Female,24,Chennai,2,Gold,24-Feb-21,ira.kapoor@example.com,Age 18-25
CUST-0285,Rahul Reddy,Female,21,Pune,3,Gold,15-May-23,rahul.reddy@example.com,Age 18-25
CUST-0287,Imran Patel,Male,23,Chennai,4,Gold,04-Apr-22,imran.patel@example.com,Age 18-25
CUST-0292,Ira Mehta,Male,44,Pune,3,Gold,01-May-22,ira.mehta@example.com,Age 36-35
CUST-0301,Pooja Reddy,Male,37,Hyderabad,4,Gold,26-Oct-21,pooja.reddy@example.com,Age 36-35
CUST-0306,Vivaan Kapoor,Male,18,Pune,4,Gold,29-Apr-22,vivaan.kapoor@example.com,Age 18-25
CUST-0309,Rahul Kapoor,Female,45,Mumbai,4,Gold,05-May-22,rahul.kapoor@example.com,Age 36-35
CUST-0310,Neha Khan,Female,42,Hyderabad,1,Gold,14-Nov-20,neha.khan@example.com,Age 36-35
CUST-0312,Aarav Patel,Male,55,Pune,3,Gold,22-Feb-21,aarav.patel@example.com,Age 46-55
CUST-0315,Amit Kapoor,Male,62,Chennai,2,Gold,16-Jan-24,amit.kapoor@example.com,Age 56-65
CUST-0316,Aarav Khan,Female,49,Pune,2,Gold,02-Apr-23,aarav.khan@example.com,Age 46-55
CUST-0320,Sneha Chopra,Female,33,Pune,1,Gold,23-Mar-23,sneha.chopra@example.com,Age 26-35
CUST-0322,Aarav Gupta,Male,28,Kolkata,1,Gold,10-Apr-22,aarav.gupta@example.com,Age 26-35
CUST-0324,Simran Gupta,Female,53,Chennai,4,Gold,01-May-22,simran.gupta@example.com,Age 46-55
CUST-0328,Simran Rao,Male,35,Kolkata,2,Gold,28-Feb-22,simran.rao@example.com,Age 26-35
CUST-0330,Sneha Gupta,Female,58,Bangalore,4,Gold,18-Jan-20,sneha.gupta@example.com,Age 56-65
CUST-0337,Vivaan Chopra,Male,40,Chennai,1,Gold,26-Aug-23,vivaan.chopra@example.com,Age 36-35
CUST-0339,Neha Patel,Female,29,Hyderabad,3,Gold,07-Nov-23,neha.patel@example.com,Age 26-35
CUST-0341,Neha Chopra,Male,49,Hyderabad,3,Gold,30-Jan-24,neha.chopra@example.com,Age 46-55
CUST-0342,Aditya Kapoor,Female,33,Hyderabad,3,Gold,23-Sep-22,aditya.kapoor@example.com,Age 26-35
CUST-0345,Aarav Sharma,Male,29,Delhi,3,Gold,25-Nov-23,aarav.sharma@example.com,Age 26-35
CUST-0348,Diya Gupta,Female,25,Chennai,4,Gold,26-Aug-21,diya.gupta@example.com,Age 18-25
CUST-0350,Diya Rao,Male,53,Pune,2,Gold,22-Mar-20,diya.rao@example.com,Age 46-55
CUST-0352,Kabir Khan,Male,25,Delhi,3,Gold,24-Jun-23,kabir.khan@example.com,Age 18-25
CUST-0356,Vivaan Khan,Male,58,Chennai,1,Gold,29-Aug-20,vivaan.khan@example.com,Age 56-65
CUST-0357,Rohit Reddy,Female,53,Bangalore,4,Gold,21-Apr-21,rohit.reddy@example.com,Age 46-55
CUST-0359,Aanya Khan,Male,34,Chennai,1,Gold,22-Apr-21,aanya.khan@example.com,Age 26-35
CUST-0360,Karan Reddy,Male,26,Chennai,3,Gold,08-Feb-23,karan.reddy@example.com,Age 26-35
CUST-0371,Neha Reddy,Female,35,Hyderabad,2,Gold,01-Jun-23,neha.reddy@example.com,Age 26-35
CUST-0379,Pooja Gupta,Female,22,Mumbai,1,Gold,19-Aug-21,pooja.gupta@example.com,Age 18-25
CUST-0384,Rahul Rao,Male,64,Hyderabad,4,Gold,12-Oct-22,rahul.rao@example.com,Age 56-65
CUST-0391,Priya Reddy,Male,30,Hyderabad,3,Gold,26-Feb-23,priya.reddy@example.com,Age 26-35
CUST-0394,Rohit Verma,Female,58,Kolkata,2,Gold,26-Apr-20,rohit.verma@example.com,Age 56-65
CUST-0395,Ira Patel,Male,52,Pune,1,Gold,19-Nov-22,ira.patel@example.com,Age 46-55
CUST-0396,Kabir Chopra,Female,18,Kolkata,1,Gold,08-Sep-22,kabir.chopra@example.com,Age 18-25
CUST-0399,Karan Kapoor,Female,23,Mumbai,4,Gold,09-Sep-20,karan.kapoor@example.com,Age 18-25
CUST-0400,Ishaan Khan,Male,45,Delhi,3,Gold,16-Sep-20,ishaan.khan@example.com,Age 36-35
CUST-0408,Ira Reddy,Female,54,Chennai,4,Gold,15-Apr-23,ira.reddy@example.com,Age 46-55
CUST-0412,Kabir Reddy,Female,36,Hyderabad,1,Gold,01-Apr-23,kabir.reddy@example.com,Age 36-35
CUST-0414,Pooja Sharma,Male,38,Kolkata,2,Gold,26-Jan-23,pooja.sharma@example.com,Age 36-35
CUST-0419,Rahul Rao,Female,62,Mumbai,2,Gold,18-Apr-21,rahul.rao@example.com,Age 56-65
CUST-0420,Ishaan Patel,Female,30,Bangalore,4,Gold,22-Nov-21,ishaan.patel@example.com,Age 26-35
CUST-0422,Diya Kapoor,Female,18,Chennai,2,Gold,18-Jan-21,diya.kapoor@example.com,Age 18-25
CUST-0425,Sneha Verma,Female,51,Hyderabad,4,Gold,11-Jun-20,sneha.verma@example.com,Age 46-55
CUST-0427,Sneha Reddy,Male,48,Kolkata,1,Gold,19-Dec-23,sneha.reddy@example.com,Age 46-55
CUST-0428,Simran Rao,Female,25,Chennai,2,Gold,16-Oct-22,simran.rao@example.com,Age 18-25
CUST-0432,Kabir Verma,Female,20,Mumbai,1,Gold,26-Feb-21,kabir.verma@example.com,Age 18-25
CUST-0433,Neha Kapoor,Male,29,Pune,3,Gold,07-Dec-21,neha.kapoor@example.com,Age 26-35
CUST-0434,Aanya Patel,Female,18,Kolkata,3,Gold,24-Jul-22,aanya.patel@example.com,Age 18-25
CUST-0436,Aditya Verma,Female,22,Hyderabad,4,Gold,19-May-21,aditya.verma@example.com,Age 18-25
CUST-0439,Ishaan Patel,Male,34,Delhi,1,Gold,11-Jun-21,ishaan.patel@example.com,Age 26-35
CUST-0444,Neha Patel,Female,54,Chennai,2,Gold,26-Dec-22,neha.patel@example.com,Age 46-55
CUST-0446,Simran Kapoor,Male,31,Mumbai,1,Gold,21-Aug-22,simran.kapoor@example.com,Age 26-35
CUST-0448,Ishaan Chopra,Female,28,Hyderabad,4,Gold,30-Aug-23,ishaan.chopra@example.com,Age 26-35
CUST-0451,Rahul Rao,Female,51,Kolkata,2,Gold,27-Sep-23,rahul.rao@example.com,Age 46-55
CUST-0452,Diya Sharma,Female,55,Pune,4,Gold,10-Feb-20,diya.sharma@example.com,Age 46-55
CUST-0457,Aditya Sharma,Female,44,Hyderabad,3,Gold,15-Aug-23,aditya.sharma@example.com,Age 36-35
CUST-0466,Karan Khan,Male,22,Pune,1,Gold,05-Mar-22,karan.khan@example.com,Age 18-25
CUST-0470,Aanya Khan,Female,34,Delhi,2,Gold,02-Jan-23,aanya.khan@example.com,Age 26-35
CUST-0471,Neha Reddy,Male,27,Mumbai,3,Gold,17-Sep-20,neha.reddy@example.com,Age 26-35
CUST-0472,Diya Khan,Female,34,Hyderabad,2,Gold,07-Sep-20,diya.khan@example.com,Age 26-35
CUST-0473,Rahul Patel,Male,37,Bangalore,4,Gold,25-Aug-22,rahul.patel@example.com,Age 36-35
CUST-0480,Ira Mehta,Female,60,Delhi,4,Gold,29-Oct-20,ira.mehta@example.com,Age 56-65
CUST-0482,Aarav Mehta,Female,65,Hyderabad,1,Gold,04-Oct-23,aarav.mehta@example.com,Age 56-65
CUST-0483,Neha Kapoor,Male,28,Bangalore,4,Gold,30-May-22,neha.kapoor@example.com,Age 26-35
CUST-0489,Anaya Mehta,Male,33,Kolkata,4,Gold,25-Apr-21,anaya.mehta@example.com,Age 26-35
CUST-0491,Myra Sharma,Female,21,Delhi,1,Gold,01-Dec-20,myra.sharma@example.com,Age 18-25
CUST-0493,Simran Chopra,Male,21,Bangalore,4,Gold,15-May-20,simran.chopra@example.com,Age 18-25
CUST-0494,Pooja Patel,Female,42,Hyderabad,1,Gold,04-Sep-23,pooja.patel@example.com,Age 36-35
CUST-0015,Aanya Khan,Female,64,Mumbai,3,Platinum,25-Nov-21,aanya.khan@example.com,Age 56-65
CUST-0018,Neha Rao,Female,19,Chennai,3,Platinum,29-Jun-22,neha.rao@example.com,Age 18-25
CUST-0019,Aanya Verma,Female,44,Delhi,2,Platinum,03-Jun-20,aanya.verma@example.com,Age 36-35
CUST-0031,Imran Sharma,Male,59,Mumbai,4,Platinum,08-Jun-22,imran.sharma@example.com,Age 56-65
CUST-0043,Diya Kapoor,Female,63,Bangalore,1,Platinum,25-Jun-22,diya.kapoor@example.com,Age 56-65
CUST-0047,Vivaan Sharma,Female,40,Kolkata,1,Platinum,27-Jun-21,vivaan.sharma@example.com,Age 36-35
CUST-0059,Myra Mehta,Male,23,Bangalore,3,Platinum,22-Apr-21,myra.mehta@example.com,Age 18-25
CUST-0084,Karan Patel,Female,45,Kolkata,3,Platinum,24-Nov-23,karan.patel@example.com,Age 36-35
CUST-0091,Ishaan Khan,Female,18,Pune,3,Platinum,25-Apr-20,ishaan.khan@example.com,Age 18-25
CUST-0094,Diya Mehta,Female,51,Chennai,2,Platinum,15-Apr-21,diya.mehta@example.com,Age 46-55
CUST-0096,Ira Kapoor,Female,65,Bangalore,4,Platinum,10-Mar-22,ira.kapoor@example.com,Age 56-65
CUST-0104,Aanya Patel,Female,39,Delhi,2,Platinum,09-Sep-22,aanya.patel@example.com,Age 36-35
CUST-0117,Neha Chopra,Male,47,Bangalore,1,Platinum,22-Oct-22,neha.chopra@example.com,Age 46-55
CUST-0122,Kabir Verma,Male,43,Mumbai,1,Platinum,17-Apr-20,kabir.verma@example.com,Age 36-35
CUST-0127,Myra Chopra,Female,53,Hyderabad,4,Platinum,17-Dec-20,myra.chopra@example.com,Age 46-55
CUST-0133,Rohit Sharma,Male,22,Hyderabad,1,Platinum,10-Mar-22,rohit.sharma@example.com,Age 18-25
CUST-0134,Aarav Chopra,Male,53,Hyderabad,4,Platinum,01-Nov-22,aarav.chopra@example.com,Age 46-55
CUST-0141,Priya Rao,Female,22,Kolkata,4,Platinum,07-Feb-21,priya.rao@example.com,Age 18-25
CUST-0174,Karan Mehta,Female,40,Mumbai,2,Platinum,21-Sep-20,karan.mehta@example.com,Age 36-35
CUST-0178,Ishaan Verma,Male,46,Kolkata,1,Platinum,15-Dec-22,ishaan.verma@example.com,Age 46-55
CUST-0199,Ira Reddy,Male,65,Delhi,3,Platinum,09-May-20,ira.reddy@example.com,Age 56-65
CUST-0204,Diya Kapoor,Male,41,Kolkata,4,Platinum,12-Sep-23,diya.kapoor@example.com,Age 36-35
CUST-0208,Vivaan Chopra,Female,29,Mumbai,2,Platinum,06-Aug-23,vivaan.chopra@example.com,Age 26-35
CUST-0211,Vivaan Mehta,Male,42,Hyderabad,1,Platinum,28-Dec-23,vivaan.mehta@example.com,Age 36-35
CUST-0212,Aarav Verma,Male,52,Kolkata,3,Platinum,17-May-22,aarav.verma@example.com,Age 46-55
CUST-0223,Sneha Sharma,Female,29,Pune,4,Platinum,22-Apr-23,sneha.sharma@example.com,Age 26-35
CUST-0234,Karan Rao,Female,33,Bangalore,4,Platinum,13-May-23,karan.rao@example.com,Age 26-35
CUST-0250,Anaya Gupta,Male,52,Mumbai,3,Platinum,05-Jan-21,anaya.gupta@example.com,Age 46-55
CUST-0258,Pooja Patel,Female,26,Pune,1,Platinum,21-May-22,pooja.patel@example.com,Age 26-35
CUST-0261,Rohit Chopra,Male,34,Kolkata,3,Platinum,27-Apr-20,rohit.chopra@example.com,Age 26-35
CUST-0265,Diya Gupta,Male,30,Mumbai,3,Platinum,09-Oct-21,diya.gupta@example.com,Age 26-35
CUST-0278,Diya Kapoor,Female,62,Bangalore,4,Platinum,15-Aug-21,diya.kapoor@example.com,Age 56-65
CUST-0283,Ira Rao,Female,42,Kolkata,3,Platinum,06-Oct-23,ira.rao@example.com,Age 36-35
CUST-0289,Imran Chopra,Male,36,Kolkata,4,Platinum,01-Jan-20,imran.chopra@example.com,Age 36-35
CUST-0313,Aditya Rao,Female,23,Kolkata,3,Platinum,15-Oct-20,aditya.rao@example.com,Age 18-25
CUST-0321,Aarav Gupta,Female,38,Pune,2,Platinum,06-Dec-23,aarav.gupta@example.com,Age 36-35
CUST-0335,Imran Sharma,Female,20,Bangalore,1,Platinum,25-Feb-23,imran.sharma@example.com,Age 18-25
CUST-0346,Karan Kapoor,Male,41,Hyderabad,4,Platinum,01-Feb-24,karan.kapoor@example.com,Age 36-35
CUST-0349,Karan Mehta,Female,45,Delhi,4,Platinum,21-Nov-22,karan.mehta@example.com,Age 36-35
CUST-0351,Aditya Khan,Female,43,Hyderabad,2,Platinum,25-Sep-23,aditya.khan@example.com,Age 36-35
CUST-0373,Ishaan Mehta,Female,64,Pune,1,Platinum,10-Oct-23,ishaan.mehta@example.com,Age 56-65
CUST-0374,Rahul Patel,Female,42,Hyderabad,4,Platinum,30-Aug-23,rahul.patel@example.com,Age 36-35
CUST-0388,Pooja Verma,Male,42,Mumbai,3,Platinum,05-Aug-20,pooja.verma@example.com,Age 36-35
CUST-0393,Anaya Khan,Female,51,Bangalore,2,Platinum,12-Apr-21,anaya.khan@example.com,Age 46-55
CUST-0397,Vivaan Verma,Female,38,Mumbai,2,Platinum,16-Jan-23,vivaan.verma@example.com,Age 36-35
CUST-0398,Ishaan Reddy,Female,65,Pune,2,Platinum,24-May-23,ishaan.reddy@example.com,Age 56-65
CUST-0409,Rahul Chopra,Female,54,Mumbai,2,Platinum,13-Apr-20,rahul.chopra@example.com,Age 46-55
CUST-0417,Pooja Reddy,Male,63,Delhi,4,Platinum,11-Aug-23,pooja.reddy@example.com,Age 56-65
CUST-0423,Kabir Patel,Female,57,Bangalore,3,Platinum,06-Jan-23,kabir.patel@example.com,Age 56-65
CUST-0430,Aanya Sharma,Female,43,Pune,3,Platinum,10-Jun-23,aanya.sharma@example.com,Age 36-35
CUST-0431,Sneha Patel,Male,51,Mumbai,4,Platinum,15-Mar-21,sneha.patel@example.com,Age 46-55
CUST-0468,Priya Chopra,Male,21,Hyderabad,1,Platinum,30-Dec-23,priya.chopra@example.com,Age 18-25
CUST-0484,Neha Reddy,Female,64,Kolkata,1,Platinum,16-Dec-21,neha.reddy@example.com,Age 56-65
