Date,DateKey,Month,Quarter,Year,Weekday,Start of Month,previous_year
01-Jan-22,20220101,January,Q1,2022,Saturday,01-Jan-22,
02-Jan-22,20220102,January,Q1,2022,Sunday,01-Jan-22,
03-Jan-22,20220103,January,Q1,2022,Monday,01-Jan-22,
04-Jan-22,20220104,January,Q1,2022,Tuesday,01-Jan-22,
05-Jan-22,20220105,January,Q1,2022,Wednesday,01-Jan-22,
06-Jan-22,20220106,January,Q1,2022,Thursday,01-Jan-22,
07-Jan-22,20220107,January,Q1,2022,Friday,01-Jan-22,
08-Jan-22,20220108,January,Q1,2022,Saturday,01-Jan-22,
09-Jan-22,20220109,January,Q1,2022,Sunday,01-Jan-22,
10-Jan-22,20220110,January,Q1,2022,Monday,01-Jan-22,
11-Jan-22,20220111,January,Q1,2022,Tuesday,01-Jan-22,
12-Jan-22,20220112,January,Q1,2022,Wednesday,01-Jan-22,
13-Jan-22,20220113,January,Q1,2022,Thursday,01-Jan-22,
14-Jan-22,20220114,January,Q1,2022,Friday,01-Jan-22,
15-Jan-22,20220115,January,Q1,2022,Saturday,01-Jan-22,
16-Jan-22,20220116,January,Q1,2022,Sunday,01-Jan-22,
17-Jan-22,20220117,January,Q1,2022,Monday,01-Jan-22,
18-Jan-22,20220118,January,Q1,2022,Tuesday,01-Jan-22,
19-Jan-22,20220119,January,Q1,2022,Wednesday,01-Jan-22,
20-Jan-22,20220120,January,Q1,2022,Thursday,01-Jan-22,
21-Jan-22,20220121,January,Q1,2022,Friday,01-Jan-22,
22-Jan-22,20220122,January,Q1,2022,Saturday,01-Jan-22,
23-Jan-22,20220123,January,Q1,2022,Sunday,01-Jan-22,
24-Jan-22,20220124,January,Q1,2022,Monday,01-Jan-22,
25-Jan-22,20220125,January,Q1,2022,Tuesday,01-Jan-22,
26-Jan-22,20220126,January,Q1,2022,Wednesday,01-Jan-22,
27-Jan-22,20220127,January,Q1,2022,Thursday,01-Jan-22,
28-Jan-22,20220128,January,Q1,2022,Friday,01-Jan-22,
29-Jan-22,20220129,January,Q1,2022,Saturday,01-Jan-22,
30-Jan-22,20220130,January,Q1,2022,Sunday,01-Jan-22,
31-Jan-22,20220131,January,Q1,2022,Monday,01-Jan-22,
01-Feb-22,20220201,February,Q1,2022,Tuesday,01-Feb-22,
02-Feb-22,20220202,February,Q1,2022,Wednesday,01-Feb-22,
03-Feb-22,20220203,February,Q1,2022,Thursday,01-Feb-22,
04-Feb-22,20220204,February,Q1,2022,Friday,01-Feb-22,
05-Feb-22,20220205,February,Q1,2022,Saturday,01-Feb-22,
06-Feb-22,20220206,February,Q1,2022,Sunday,01-Feb-22,
07-Feb-22,20220207,February,Q1,2022,Monday,01-Feb-22,
08-Feb-22,20220208,February,Q1,2022,Tuesday,01-Feb-22,
09-Feb-22,20220209,February,Q1,2022,Wednesday,01-Feb-22,
10-Feb-22,20220210,February,Q1,2022,Thursday,01-Feb-22,
11-Feb-22,20220211,February,Q1,2022,Friday,01-Feb-22,
12-Feb-22,20220212,February,Q1,2022,Saturday,01-Feb-22,
13-Feb-22,20220213,February,Q1,2022,Sunday,01-Feb-22,
14-Feb-22,20220214,February,Q1,2022,Monday,01-Feb-22,
15-Feb-22,20220215,February,Q1,2022,Tuesday,01-Feb-22,
16-Feb-22,20220216,February,Q1,2022,Wednesday,01-Feb-22,
17-Feb-22,20220217,February,Q1,2022,Thursday,01-Feb-22,
18-Feb-22,20220218,February,Q1,2022,Friday,01-Feb-22,
19-Feb-22,20220219,February,Q1,2022,Saturday,01-Feb-22,
20-Feb-22,20220220,February,Q1,2022,Sunday,01-Feb-22,
21-Feb-22,20220221,February,Q1,2022,Monday,01-Feb-22,
22-Feb-22,20220222,February,Q1,2022,Tuesday,01-Feb-22,
23-Feb-22,20220223,February,Q1,2022,Wednesday,01-Feb-22,
24-Feb-22,20220224,February,Q1,2022,Thursday,01-Feb-22,
25-Feb-22,20220225,February,Q1,2022,Friday,01-Feb-22,
26-Feb-22,20220226,February,Q1,2022,Saturday,01-Feb-22,
27-Feb-22,20220227,February,Q1,2022,Sunday,01-Feb-22,
28-Feb-22,20220228,February,Q1,2022,Monday,01-Feb-22,
01-Mar-22,20220301,March,Q1,2022,Tuesday,01-Mar-22,
02-Mar-22,20220302,March,Q1,2022,Wednesday,01-Mar-22,
03-Mar-22,20220303,March,Q1,2022,Thursday,01-Mar-22,
04-Mar-22,20220304,March,Q1,2022,Friday,01-Mar-22,
05-Mar-22,20220305,March,Q1,2022,Saturday,01-Mar-22,
06-Mar-22,20220306,March,Q1,2022,Sunday,01-Mar-22,
07-Mar-22,20220307,March,Q1,2022,Monday,01-Mar-22,
08-Mar-22,20220308,March,Q1,2022,Tuesday,01-Mar-22,
09-Mar-22,20220309,March,Q1,2022,Wednesday,01-Mar-22,
10-Mar-22,20220310,March,Q1,2022,Thursday,01-Mar-22,
11-Mar-22,20220311,March,Q1,2022,Friday,01-Mar-22,
12-Mar-22,20220312,March,Q1,2022,Saturday,01-Mar-22,
13-Mar-22,20220313,March,Q1,2022,Sunday,01-Mar-22,
14-Mar-22,20220314,March,Q1,2022,Monday,01-Mar-22,
15-Mar-22,20220315,March,Q1,2022,Tuesday,01-Mar-22,
16-Mar-22,20220316,March,Q1,2022,Wednesday,01-Mar-22,
17-Mar-22,20220317,March,Q1,2022,Thursday,01-Mar-22,
18-Mar-22,20220318,March,Q1,2022,Friday,01-Mar-22,
19-Mar-22,20220319,March,Q1,2022,Saturday,01-Mar-22,
20-Mar-22,20220320,March,Q1,2022,Sunday,01-Mar-22,
21-Mar-22,20220321,March,Q1,2022,Monday,01-Mar-22,
22-Mar-22,20220322,March,Q1,2022,Tuesday,01-Mar-22,
23-Mar-22,20220323,March,Q1,2022,Wednesday,01-Mar-22,
24-Mar-22,20220324,March,Q1,2022,Thursday,01-Mar-22,
25-Mar-22,20220325,March,Q1,2022,Friday,01-Mar-22,
26-Mar-22,20220326,March,Q1,2022,Saturday,01-Mar-22,
27-Mar-22,20220327,March,Q1,2022,Sunday,01-Mar-22,
28-Mar-22,20220328,March,Q1,2022,Monday,01-Mar-22,
29-Mar-22,20220329,March,Q1,2022,Tuesday,01-Mar-22,
30-Mar-22,20220330,March,Q1,2022,Wednesday,01-Mar-22,
31-Mar-22,20220331,March,Q1,2022,Thursday,01-Mar-22,
01-Apr-22,20220401,April,Q2,2022,Friday,01-Apr-22,
02-Apr-22,20220402,April,Q2,2022,Saturday,01-Apr-22,
03-Apr-22,20220403,April,Q2,2022,Sunday,01-Apr-22,
04-Apr-22,20220404,April,Q2,2022,Monday,01-Apr-22,
05-Apr-22,20220405,April,Q2,2022,Tuesday,01-Apr-22,
06-Apr-22,20220406,April,Q2,2022,Wednesday,01-Apr-22,
07-Apr-22,20220407,April,Q2,2022,Thursday,01-Apr-22,
08-Apr-22,20220408,April,Q2,2022,Friday,01-Apr-22,
09-Apr-22,20220409,April,Q2,2022,Saturday,01-Apr-22,
10-Apr-22,20220410,April,Q2,2022,Sunday,01-Apr-22,
11-Apr-22,20220411,April,Q2,2022,Monday,01-Apr-22,
12-Apr-22,20220412,April,Q2,2022,Tuesday,01-Apr-22,
13-Apr-22,20220413,April,Q2,2022,Wednesday,01-Apr-22,
14-Apr-22,20220414,April,Q2,2022,Thursday,01-Apr-22,
15-Apr-22,20220415,April,Q2,2022,Friday,01-Apr-22,
16-Apr-22,20220416,April,Q2,2022,Saturday,01-Apr-22,
17-Apr-22,20220417,April,Q2,2022,Sunday,01-Apr-22,
18-Apr-22,20220418,April,Q2,2022,Monday,01-Apr-22,
19-Apr-22,20220419,April,Q2,2022,Tuesday,01-Apr-22,
20-Apr-22,20220420,April,Q2,2022,Wednesday,01-Apr-22,
21-Apr-22,20220421,April,Q2,2022,Thursday,01-Apr-22,
22-Apr-22,20220422,April,Q2,2022,Friday,01-Apr-22,
23-Apr-22,20220423,April,Q2,2022,Saturday,01-Apr-22,
24-Apr-22,20220424,April,Q2,2022,Sunday,01-Apr-22,
25-Apr-22,20220425,April,Q2,2022,Monday,01-Apr-22,
26-Apr-22,20220426,April,Q2,2022,Tuesday,01-Apr-22,
27-Apr-22,20220427,April,Q2,2022,Wednesday,01-Apr-22,
28-Apr-22,20220428,April,Q2,2022,Thursday,01-Apr-22,
29-Apr-22,20220429,April,Q2,2022,Friday,01-Apr-22,
30-Apr-22,20220430,April,Q2,2022,Saturday,01-Apr-22,
01-May-22,20220501,May,Q2,2022,Sunday,01-May-22,
02-May-22,20220502,May,Q2,2022,Monday,01-May-22,
03-May-22,20220503,May,Q2,2022,Tuesday,01-May-22,
04-May-22,20220504,May,Q2,2022,Wednesday,01-May-22,
05-May-22,20220505,May,Q2,2022,Thursday,01-May-22,
06-May-22,20220506,May,Q2,2022,Friday,01-May-22,
07-May-22,20220507,May,Q2,2022,Saturday,01-May-22,
08-May-22,20220508,May,Q2,2022,Sunday,01-May-22,
09-May-22,20220509,May,Q2,2022,Monday,01-May-22,
10-May-22,20220510,May,Q2,2022,Tuesday,01-May-22,
11-May-22,20220511,May,Q2,2022,Wednesday,01-May-22,
12-May-22,20220512,May,Q2,2022,Thursday,01-May-22,
13-May-22,20220513,May,Q2,2022,Friday,01-May-22,
14-May-22,20220514,May,Q2,2022,Saturday,01-May-22,
15-May-22,20220515,May,Q2,2022,Sunday,01-May-22,
16-May-22,20220516,May,Q2,2022,Monday,01-May-22,
17-May-22,20220517,May,Q2,2022,Tuesday,01-May-22,
18-May-22,20220518,May,Q2,2022,Wednesday,01-May-22,
19-May-22,20220519,May,Q2,2022,Thursday,01-May-22,
20-May-22,20220520,May,Q2,2022,Friday,01-May-22,
21-May-22,20220521,May,Q2,2022,Saturday,01-May-22,
22-May-22,20220522,May,Q2,2022,Sunday,01-May-22,
23-May-22,20220523,May,Q2,2022,Monday,01-May-22,
24-May-22,20220524,May,Q2,2022,Tuesday,01-May-22,
25-May-22,20220525,May,Q2,2022,Wednesday,01-May-22,
26-May-22,20220526,May,Q2,2022,Thursday,01-May-22,
27-May-22,20220527,May,Q2,2022,Friday,01-May-22,
28-May-22,20220528,May,Q2,2022,Saturday,01-May-22,
29-May-22,20220529,May,Q2,2022,Sunday,01-May-22,
30-May-22,20220530,May,Q2,2022,Monday,01-May-22,
31-May-22,20220531,May,Q2,2022,Tuesday,01-May-22,
01-Jun-22,20220601,June,Q2,2022,Wednesday,01-Jun-22,
02-Jun-22,20220602,June,Q2,2022,Thursday,01-Jun-22,
03-Jun-22,20220603,June,Q2,2022,Friday,01-Jun-22,
04-Jun-22,20220604,June,Q2,2022,Saturday,01-Jun-22,
05-Jun-22,20220605,June,Q2,2022,Sunday,01-Jun-22,
06-Jun-22,20220606,June,Q2,2022,Monday,01-Jun-22,
07-Jun-22,20220607,June,Q2,2022,Tuesday,01-Jun-22,
08-Jun-22,20220608,June,Q2,2022,Wednesday,01-Jun-22,
09-Jun-22,20220609,June,Q2,2022,Thursday,01-Jun-22,
10-Jun-22,20220610,June,Q2,2022,Friday,01-Jun-22,
11-Jun-22,20220611,June,Q2,2022,Saturday,01-Jun-22,
12-Jun-22,20220612,June,Q2,2022,Sunday,01-Jun-22,
13-Jun-22,20220613,June,Q2,2022,Monday,01-Jun-22,
14-Jun-22,20220614,June,Q2,2022,Tuesday,01-Jun-22,
15-Jun-22,20220615,June,Q2,2022,Wednesday,01-Jun-22,
16-Jun-22,20220616,June,Q2,2022,Thursday,01-Jun-22,
17-Jun-22,20220617,June,Q2,2022,Friday,01-Jun-22,
18-Jun-22,20220618,June,Q2,2022,Saturday,01-Jun-22,
19-Jun-22,20220619,June,Q2,2022,Sunday,01-Jun-22,
20-Jun-22,20220620,June,Q2,2022,Monday,01-Jun-22,
21-Jun-22,20220621,June,Q2,2022,Tuesday,01-Jun-22,
22-Jun-22,20220622,June,Q2,2022,Wednesday,01-Jun-22,
23-Jun-22,20220623,June,Q2,2022,Thursday,01-Jun-22,
24-Jun-22,20220624,June,Q2,2022,Friday,01-Jun-22,
25-Jun-22,20220625,June,Q2,2022,Saturday,01-Jun-22,
26-Jun-22,20220626,June,Q2,2022,Sunday,01-Jun-22,
27-Jun-22,20220627,June,Q2,2022,Monday,01-Jun-22,
28-Jun-22,20220628,June,Q2,2022,Tuesday,01-Jun-22,
29-Jun-22,20220629,June,Q2,2022,Wednesday,01-Jun-22,
30-Jun-22,20220630,June,Q2,2022,Thursday,01-Jun-22,
01-Jul-22,20220701,July,Q3,2022,Friday,01-Jul-22,
02-Jul-22,20220702,July,Q3,2022,Saturday,01-Jul-22,
03-Jul-22,20220703,July,Q3,2022,Sunday,01-Jul-22,
04-Jul-22,20220704,July,Q3,2022,Monday,01-Jul-22,
05-Jul-22,20220705,July,Q3,2022,Tuesday,01-Jul-22,
06-Jul-22,20220706,July,Q3,2022,Wednesday,01-Jul-22,
07-Jul-22,20220707,July,Q3,2022,Thursday,01-Jul-22,
08-Jul-22,20220708,July,Q3,2022,Friday,01-Jul-22,
09-Jul-22,20220709,July,Q3,2022,Saturday,01-Jul-22,
10-Jul-22,20220710,July,Q3,2022,Sunday,01-Jul-22,
11-Jul-22,20220711,July,Q3,2022,Monday,01-Jul-22,
12-Jul-22,20220712,July,Q3,2022,Tuesday,01-Jul-22,
13-Jul-22,20220713,July,Q3,2022,Wednesday,01-Jul-22,
14-Jul-22,20220714,July,Q3,2022,Thursday,01-Jul-22,
15-Jul-22,20220715,July,Q3,2022,Friday,01-Jul-22,
16-Jul-22,20220716,July,Q3,2022,Saturday,01-Jul-22,
17-Jul-22,20220717,July,Q3,2022,Sunday,01-Jul-22,
18-Jul-22,20220718,July,Q3,2022,Monday,01-Jul-22,
19-Jul-22,20220719,July,Q3,2022,Tuesday,01-Jul-22,
20-Jul-22,20220720,July,Q3,2022,Wednesday,01-Jul-22,
21-Jul-22,20220721,July,Q3,2022,Thursday,01-Jul-22,
22-Jul-22,20220722,July,Q3,2022,Friday,01-Jul-22,
23-Jul-22,20220723,July,Q3,2022,Saturday,01-Jul-22,
24-Jul-22,20220724,July,Q3,2022,Sunday,01-Jul-22,
25-Jul-22,20220725,July,Q3,2022,Monday,01-Jul-22,
26-Jul-22,20220726,July,Q3,2022,Tuesday,01-Jul-22,
27-Jul-22,20220727,July,Q3,2022,Wednesday,01-Jul-22,
28-Jul-22,20220728,July,Q3,2022,Thursday,01-Jul-22,
29-Jul-22,20220729,July,Q3,2022,Friday,01-Jul-22,
30-Jul-22,20220730,July,Q3,2022,Saturday,01-Jul-22,
31-Jul-22,20220731,July,Q3,2022,Sunday,01-Jul-22,
01-Aug-22,20220801,August,Q3,2022,Monday,01-Aug-22,
02-Aug-22,20220802,August,Q3,2022,Tuesday,01-Aug-22,
03-Aug-22,20220803,August,Q3,2022,Wednesday,01-Aug-22,
04-Aug-22,20220804,August,Q3,2022,Thursday,01-Aug-22,
05-Aug-22,20220805,August,Q3,2022,Friday,01-Aug-22,
06-Aug-22,20220806,August,Q3,2022,Saturday,01-Aug-22,
07-Aug-22,20220807,August,Q3,2022,Sunday,01-Aug-22,
08-Aug-22,20220808,August,Q3,2022,Monday,01-Aug-22,
09-Aug-22,20220809,August,Q3,2022,Tuesday,01-Aug-22,
10-Aug-22,20220810,August,Q3,2022,Wednesday,01-Aug-22,
11-Aug-22,20220811,August,Q3,2022,Thursday,01-Aug-22,
12-Aug-22,20220812,August,Q3,2022,Friday,01-Aug-22,
13-Aug-22,20220813,August,Q3,2022,Saturday,01-Aug-22,
14-Aug-22,20220814,August,Q3,2022,Sunday,01-Aug-22,
15-Aug-22,20220815,August,Q3,2022,Monday,01-Aug-22,
16-Aug-22,20220816,August,Q3,2022,Tuesday,01-Aug-22,
17-Aug-22,20220817,August,Q3,2022,Wednesday,01-Aug-22,
18-Aug-22,20220818,August,Q3,2022,Thursday,01-Aug-22,
19-Aug-22,20220819,August,Q3,2022,Friday,01-Aug-22,
20-Aug-22,20220820,August,Q3,2022,Saturday,01-Aug-22,
21-Aug-22,20220821,August,Q3,2022,Sunday,01-Aug-22,
22-Aug-22,20220822,August,Q3,2022,Monday,01-Aug-22,
23-Aug-22,20220823,August,Q3,2022,Tuesday,01-Aug-22,
24-Aug-22,20220824,August,Q3,2022,Wednesday,01-Aug-22,
25-Aug-22,20220825,August,Q3,2022,Thursday,01-Aug-22,
26-Aug-22,20220826,August,Q3,2022,Friday,01-Aug-22,
27-Aug-22,20220827,August,Q3,2022,Saturday,01-Aug-22,
28-Aug-22,20220828,August,Q3,2022,Sunday,01-Aug-22,
29-Aug-22,20220829,August,Q3,2022,Monday,01-Aug-22,
30-Aug-22,20220830,August,Q3,2022,Tuesday,01-Aug-22,
31-Aug-22,20220831,August,Q3,2022,Wednesday,01-Aug-22,
01-Sep-22,20220901,September,Q3,2022,Thursday,01-Sep-22,
02-Sep-22,20220902,September,Q3,2022,Friday,01-Sep-22,
03-Sep-22,20220903,September,Q3,2022,Saturday,01-Sep-22,
04-Sep-22,20220904,September,Q3,2022,Sunday,01-Sep-22,
05-Sep-22,20220905,September,Q3,2022,Monday,01-Sep-22,
06-Sep-22,20220906,September,Q3,2022,Tuesday,01-Sep-22,
07-Sep-22,20220907,September,Q3,2022,Wednesday,01-Sep-22,
08-Sep-22,20220908,September,Q3,2022,Thursday,01-Sep-22,
09-Sep-22,20220909,September,Q3,2022,Friday,01-Sep-22,
10-Sep-22,20220910,September,Q3,2022,Saturday,01-Sep-22,
11-Sep-22,20220911,September,Q3,2022,Sunday,01-Sep-22,
12-Sep-22,20220912,September,Q3,2022,Monday,01-Sep-22,
13-Sep-22,20220913,September,Q3,2022,Tuesday,01-Sep-22,
14-Sep-22,20220914,September,Q3,2022,Wednesday,01-Sep-22,
15-Sep-22,20220915,September,Q3,2022,Thursday,01-Sep-22,
16-Sep-22,20220916,September,Q3,2022,Friday,01-Sep-22,
17-Sep-22,20220917,September,Q3,2022,Saturday,01-Sep-22,
18-Sep-22,20220918,September,Q3,2022,Sunday,01-Sep-22,
19-Sep-22,20220919,September,Q3,2022,Monday,01-Sep-22,
20-Sep-22,20220920,September,Q3,2022,Tuesday,01-Sep-22,
21-Sep-22,20220921,September,Q3,2022,Wednesday,01-Sep-22,
22-Sep-22,20220922,September,Q3,2022,Thursday,01-Sep-22,
23-Sep-22,20220923,September,Q3,2022,Friday,01-Sep-22,
24-Sep-22,20220924,September,Q3,2022,Saturday,01-Sep-22,
25-Sep-22,20220925,September,Q3,2022,Sunday,01-Sep-22,
26-Sep-22,20220926,September,Q3,2022,Monday,01-Sep-22,
27-Sep-22,20220927,September,Q3,2022,Tuesday,01-Sep-22,
28-Sep-22,20220928,September,Q3,2022,Wednesday,01-Sep-22,
29-Sep-22,20220929,September,Q3,2022,Thursday,01-Sep-22,
30-Sep-22,20220930,September,Q3,2022,Friday,01-Sep-22,
01-Oct-22,20221001,October,Q4,2022,Saturday,01-Oct-22,
02-Oct-22,20221002,October,Q4,2022,Sunday,01-Oct-22,
03-Oct-22,20221003,October,Q4,2022,Monday,01-Oct-22,
04-Oct-22,20221004,October,Q4,2022,Tuesday,01-Oct-22,
05-Oct-22,20221005,October,Q4,2022,Wednesday,01-Oct-22,
06-Oct-22,20221006,October,Q4,2022,Thursday,01-Oct-22,
07-Oct-22,20221007,October,Q4,2022,Friday,01-Oct-22,
08-Oct-22,20221008,October,Q4,2022,Saturday,01-Oct-22,
09-Oct-22,20221009,October,Q4,2022,Sunday,01-Oct-22,
10-Oct-22,20221010,October,Q4,2022,Monday,01-Oct-22,
11-Oct-22,20221011,October,Q4,2022,Tuesday,01-Oct-22,
12-Oct-22,20221012,October,Q4,2022,Wednesday,01-Oct-22,
13-Oct-22,20221013,October,Q4,2022,Thursday,01-Oct-22,
14-Oct-22,20221014,October,Q4,2022,Friday,01-Oct-22,
15-Oct-22,20221015,October,Q4,2022,Saturday,01-Oct-22,
16-Oct-22,20221016,October,Q4,2022,Sunday,01-Oct-22,
17-Oct-22,20221017,October,Q4,2022,Monday,01-Oct-22,
18-Oct-22,20221018,October,Q4,2022,Tuesday,01-Oct-22,
19-Oct-22,20221019,October,Q4,2022,Wednesday,01-Oct-22,
20-Oct-22,20221020,October,Q4,2022,Thursday,01-Oct-22,
21-Oct-22,20221021,October,Q4,2022,Friday,01-Oct-22,
22-Oct-22,20221022,October,Q4,2022,Saturday,01-Oct-22,
23-Oct-22,20221023,October,Q4,2022,Sunday,01-Oct-22,
24-Oct-22,20221024,October,Q4,2022,Monday,01-Oct-22,
25-Oct-22,20221025,October,Q4,2022,Tuesday,01-Oct-22,
26-Oct-22,20221026,October,Q4,2022,Wednesday,01-Oct-22,
27-Oct-22,20221027,October,Q4,2022,Thursday,01-Oct-22,
28-Oct-22,20221028,October,Q4,2022,Friday,01-Oct-22,
29-Oct-22,20221029,October,Q4,2022,Saturday,01-Oct-22,
30-Oct-22,20221030,October,Q4,2022,Sunday,01-Oct-22,
31-Oct-22,20221031,October,Q4,2022,Monday,01-Oct-22,
01-Nov-22,20221101,November,Q4,2022,Tuesday,01-Nov-22,
02-Nov-22,20221102,November,Q4,2022,Wednesday,01-Nov-22,
03-Nov-22,20221103,November,Q4,2022,Thursday,01-Nov-22,
04-Nov-22,20221104,November,Q4,2022,Friday,01-Nov-22,
05-Nov-22,20221105,November,Q4,2022,Saturday,01-Nov-22,
06-Nov-22,20221106,November,Q4,2022,Sunday,01-Nov-22,
07-Nov-22,20221107,November,Q4,2022,Monday,01-Nov-22,
08-Nov-22,20221108,November,Q4,2022,Tuesday,01-Nov-22,
09-Nov-22,20221109,November,Q4,2022,Wednesday,01-Nov-22,
10-Nov-22,20221110,November,Q4,2022,Thursday,01-Nov-22,
11-Nov-22,20221111,November,Q4,2022,Friday,01-Nov-22,
12-Nov-22,20221112,November,Q4,2022,Saturday,01-Nov-22,
13-Nov-22,20221113,November,Q4,2022,Sunday,01-Nov-22,
14-Nov-22,20221114,November,Q4,2022,Monday,01-Nov-22,
15-Nov-22,20221115,November,Q4,2022,Tuesday,01-Nov-22,
16-Nov-22,20221116,November,Q4,2022,Wednesday,01-Nov-22,
17-Nov-22,20221117,November,Q4,2022,Thursday,01-Nov-22,
18-Nov-22,20221118,November,Q4,2022,Friday,01-Nov-22,
19-Nov-22,20221119,November,Q4,2022,Saturday,01-Nov-22,
20-Nov-22,20221120,November,Q4,2022,Sunday,01-Nov-22,
21-Nov-22,20221121,November,Q4,2022,Monday,01-Nov-22,
22-Nov-22,20221122,November,Q4,2022,Tuesday,01-Nov-22,
23-Nov-22,20221123,November,Q4,2022,Wednesday,01-Nov-22,
24-Nov-22,20221124,November,Q4,2022,Thursday,01-Nov-22,
25-Nov-22,20221125,November,Q4,2022,Friday,01-Nov-22,
26-Nov-22,20221126,November,Q4,2022,Saturday,01-Nov-22,
27-Nov-22,20221127,November,Q4,2022,Sunday,01-Nov-22,
28-Nov-22,20221128,November,Q4,2022,Monday,01-Nov-22,
29-Nov-22,20221129,November,Q4,2022,Tuesday,01-Nov-22,
30-Nov-22,20221130,November,Q4,2022,Wednesday,01-Nov-22,
01-Dec-22,20221201,December,Q4,2022,Thursday,01-Dec-22,
02-Dec-22,20221202,December,Q4,2022,Friday,01-Dec-22,
03-Dec-22,20221203,December,Q4,2022,Saturday,01-Dec-22,
04-Dec-22,20221204,December,Q4,2022,Sunday,01-Dec-22,
05-Dec-22,20221205,December,Q4,2022,Monday,01-Dec-22,
06-Dec-22,20221206,December,Q4,2022,Tuesday,01-Dec-22,
07-Dec-22,20221207,December,Q4,2022,Wednesday,01-Dec-22,
08-Dec-22,20221208,December,Q4,2022,Thursday,01-Dec-22,
09-Dec-22,20221209,December,Q4,2022,Friday,01-Dec-22,
10-Dec-22,20221210,December,Q4,2022,Saturday,01-Dec-22,
11-Dec-22,20221211,December,Q4,2022,Sunday,01-Dec-22,
12-Dec-22,20221212,December,Q4,2022,Monday,01-Dec-22,
13-Dec-22,20221213,December,Q4,2022,Tuesday,01-Dec-22,
14-Dec-22,20221214,December,Q4,2022,Wednesday,01-Dec-22,
15-Dec-22,20221215,December,Q4,2022,Thursday,01-Dec-22,
16-Dec-22,20221216,December,Q4,2022,Friday,01-Dec-22,
17-Dec-22,20221217,December,Q4,2022,Saturday,01-Dec-22,
18-Dec-22,20221218,December,Q4,2022,Sunday,01-Dec-22,
19-Dec-22,20221219,December,Q4,2022,Monday,01-Dec-22,
20-Dec-22,20221220,December,Q4,2022,Tuesday,01-Dec-22,
21-Dec-22,20221221,December,Q4,2022,Wednesday,01-Dec-22,
22-Dec-22,20221222,December,Q4,2022,Thursday,01-Dec-22,
23-Dec-22,20221223,December,Q4,2022,Friday,01-Dec-22,
24-Dec-22,20221224,December,Q4,2022,Saturday,01-Dec-22,
25-Dec-22,20221225,December,Q4,2022,Sunday,01-Dec-22,
26-Dec-22,20221226,December,Q4,2022,Monday,01-Dec-22,
27-Dec-22,20221227,December,Q4,2022,Tuesday,01-Dec-22,
28-Dec-22,20221228,December,Q4,2022,Wednesday,01-Dec-22,
29-Dec-22,20221229,December,Q4,2022,Thursday,01-Dec-22,
30-Dec-22,20221230,December,Q4,2022,Friday,01-Dec-22,
31-Dec-22,20221231,December,Q4,2022,Saturday,01-Dec-22,
01-Jan-23,20230101,January,Q1,2023,Sunday,01-Jan-23,16678182.66
02-Jan-23,20230102,January,Q1,2023,Monday,01-Jan-23,16678182.66
03-Jan-23,20230103,January,Q1,2023,Tuesday,01-Jan-23,16678182.66
04-Jan-23,20230104,January,Q1,2023,Wednesday,01-Jan-23,16678182.66
05-Jan-23,20230105,January,Q1,2023,Thursday,01-Jan-23,16678182.66
06-Jan-23,20230106,January,Q1,2023,Friday,01-Jan-23,16678182.66
07-Jan-23,20230107,January,Q1,2023,Saturday,01-Jan-23,16678182.66
08-Jan-23,20230108,January,Q1,2023,Sunday,01-Jan-23,16678182.66
09-Jan-23,20230109,January,Q1,2023,Monday,01-Jan-23,16678182.66
10-Jan-23,20230110,January,Q1,2023,Tuesday,01-Jan-23,16678182.66
11-Jan-23,20230111,January,Q1,2023,Wednesday,01-Jan-23,16678182.66
12-Jan-23,20230112,January,Q1,2023,Thursday,01-Jan-23,16678182.66
13-Jan-23,20230113,January,Q1,2023,Friday,01-Jan-23,16678182.66
14-Jan-23,20230114,January,Q1,2023,Saturday,01-Jan-23,16678182.66
15-Jan-23,20230115,January,Q1,2023,Sunday,01-Jan-23,16678182.66
16-Jan-23,20230116,January,Q1,2023,Monday,01-Jan-23,16678182.66
17-Jan-23,20230117,January,Q1,2023,Tuesday,01-Jan-23,16678182.66
18-Jan-23,20230118,January,Q1,2023,Wednesday,01-Jan-23,16678182.66
19-Jan-23,20230119,January,Q1,2023,Thursday,01-Jan-23,16678182.66
20-Jan-23,20230120,January,Q1,2023,Friday,01-Jan-23,16678182.66
21-Jan-23,20230121,January,Q1,2023,Saturday,01-Jan-23,16678182.66
22-Jan-23,20230122,January,Q1,2023,Sunday,01-Jan-23,16678182.66
23-Jan-23,20230123,January,Q1,2023,Monday,01-Jan-23,16678182.66
24-Jan-23,20230124,January,Q1,2023,Tuesday,01-Jan-23,16678182.66
25-Jan-23,20230125,January,Q1,2023,Wednesday,01-Jan-23,16678182.66
26-Jan-23,20230126,January,Q1,2023,Thursday,01-Jan-23,16678182.66
27-Jan-23,20230127,January,Q1,2023,Friday,01-Jan-23,16678182.66
28-Jan-23,20230128,January,Q1,2023,Saturday,01-Jan-23,16678182.66
29-Jan-23,20230129,January,Q1,2023,Sunday,01-Jan-23,16678182.66
30-Jan-23,20230130,January,Q1,2023,Monday,01-Jan-23,16678182.66
31-Jan-23,20230131,January,Q1,2023,Tuesday,01-Jan-23,16678182.66
01-Feb-23,20230201,February,Q1,2023,Wednesday,01-Feb-23,16678182.66
02-Feb-23,20230202,February,Q1,2023,Thursday,01-Feb-23,16678182.66
03-Feb-23,20230203,February,Q1,2023,Friday,01-Feb-23,16678182.66
04-Feb-23,20230204,February,Q1,2023,Saturday,01-Feb-23,16678182.66
05-Feb-23,20230205,February,Q1,2023,Sunday,01-Feb-23,16678182.66
06-Feb-23,20230206,February,Q1,2023,Monday,01-Feb-23,16678182.66
07-Feb-23,20230207,February,Q1,2023,Tuesday,01-Feb-23,16678182.66
08-Feb-23,20230208,February,Q1,2023,Wednesday,01-Feb-23,16678182.66
09-Feb-23,20230209,February,Q1,2023,Thursday,01-Feb-23,16678182.66
10-Feb-23,20230210,February,Q1,2023,Friday,01-Feb-23,16678182.66
11-Feb-23,20230211,February,Q1,2023,Saturday,01-Feb-23,16678182.66
12-Feb-23,20230212,February,Q1,2023,Sunday,01-Feb-23,16678182.66
13-Feb-23,20230213,February,Q1,2023,Monday,01-Feb-23,16678182.66
14-Feb-23,20230214,February,Q1,2023,Tuesday,01-Feb-23,16678182.66
15-Feb-23,20230215,February,Q1,2023,Wednesday,01-Feb-23,16678182.66
16-Feb-23,20230216,February,Q1,2023,Thursday,01-Feb-23,16678182.66
17-Feb-23,20230217,February,Q1,2023,Friday,01-Feb-23,16678182.66
18-Feb-23,20230218,February,Q1,2023,Saturday,01-Feb-23,16678182.66
19-Feb-23,20230219,February,Q1,2023,Sunday,01-Feb-23,16678182.66
20-Feb-23,20230220,February,Q1,2023,Monday,01-Feb-23,16678182.66
21-Feb-23,20230221,February,Q1,2023,Tuesday,01-Feb-23,16678182.66
22-Feb-23,20230222,February,Q1,2023,Wednesday,01-Feb-23,16678182.66
23-Feb-23,20230223,February,Q1,2023,Thursday,01-Feb-23,16678182.66
24-Feb-23,20230224,February,Q1,2023,Friday,01-Feb-23,16678182.66
25-Feb-23,20230225,February,Q1,2023,Saturday,01-Feb-23,16678182.66
26-Feb-23,20230226,February,Q1,2023,Sunday,01-Feb-23,16678182.66
27-Feb-23,20230227,February,Q1,2023,Monday,01-Feb-23,16678182.66
28-Feb-23,20230228,February,Q1,2023,Tuesday,01-Feb-23,16678182.66
01-Mar-23,20230301,March,Q1,2023,Wednesday,01-Mar-23,16678182.66
02-Mar-23,20230302,March,Q1,2023,Thursday,01-Mar-23,16678182.66
03-Mar-23,20230303,March,Q1,2023,Friday,01-Mar-23,16678182.66
04-Mar-23,20230304,March,Q1,2023,Saturday,01-Mar-23,16678182.66
05-Mar-23,20230305,March,Q1,2023,Sunday,01-Mar-23,16678182.66
06-Mar-23,20230306,March,Q1,2023,Monday,01-Mar-23,16678182.66
07-Mar-23,20230307,March,Q1,2023,Tuesday,01-Mar-23,16678182.66
08-Mar-23,20230308,March,Q1,2023,Wednesday,01-Mar-23,16678182.66
09-Mar-23,20230309,March,Q1,2023,Thursday,01-Mar-23,16678182.66
10-Mar-23,20230310,March,Q1,2023,Friday,01-Mar-23,16678182.66
11-Mar-23,20230311,March,Q1,2023,Saturday,01-Mar-23,16678182.66
12-Mar-23,20230312,March,Q1,2023,Sunday,01-Mar-23,16678182.66
13-Mar-23,20230313,March,Q1,2023,Monday,01-Mar-23,16678182.66
14-Mar-23,20230314,March,Q1,2023,Tuesday,01-Mar-23,16678182.66
15-Mar-23,20230315,March,Q1,2023,Wednesday,01-Mar-23,16678182.66
16-Mar-23,20230316,March,Q1,2023,Thursday,01-Mar-23,16678182.66
17-Mar-23,20230317,March,Q1,2023,Friday,01-Mar-23,16678182.66
18-Mar-23,20230318,March,Q1,2023,Saturday,01-Mar-23,16678182.66
19-Mar-23,20230319,March,Q1,2023,Sunday,01-Mar-23,16678182.66
20-Mar-23,20230320,March,Q1,2023,Monday,01-Mar-23,16678182.66
21-Mar-23,20230321,March,Q1,2023,Tuesday,01-Mar-23,16678182.66
22-Mar-23,20230322,March,Q1,2023,Wednesday,01-Mar-23,16678182.66
23-Mar-23,20230323,March,Q1,2023,Thursday,01-Mar-23,16678182.66
24-Mar-23,20230324,March,Q1,2023,Friday,01-Mar-23,16678182.66
25-Mar-23,20230325,March,Q1,2023,Saturday,01-Mar-23,16678182.66
26-Mar-23,20230326,March,Q1,2023,Sunday,01-Mar-23,16678182.66
27-Mar-23,20230327,March,Q1,2023,Monday,01-Mar-23,16678182.66
28-Mar-23,20230328,March,Q1,2023,Tuesday,01-Mar-23,16678182.66
29-Mar-23,20230329,March,Q1,2023,Wednesday,01-Mar-23,16678182.66
30-Mar-23,20230330,March,Q1,2023,Thursday,01-Mar-23,16678182.66
31-Mar-23,20230331,March,Q1,2023,Friday,01-Mar-23,16678182.66
01-Apr-23,20230401,April,Q2,2023,Saturday,01-Apr-23,16678182.66
02-Apr-23,20230402,April,Q2,2023,Sunday,01-Apr-23,16678182.66
03-Apr-23,20230403,April,Q2,2023,Monday,01-Apr-23,16678182.66
04-Apr-23,20230404,April,Q2,2023,Tuesday,01-Apr-23,16678182.66
05-Apr-23,20230405,April,Q2,2023,Wednesday,01-Apr-23,16678182.66
06-Apr-23,20230406,April,Q2,2023,Thursday,01-Apr-23,16678182.66
07-Apr-23,20230407,April,Q2,2023,Friday,01-Apr-23,16678182.66
08-Apr-23,20230408,April,Q2,2023,Saturday,01-Apr-23,16678182.66
09-Apr-23,20230409,April,Q2,2023,Sunday,01-Apr-23,16678182.66
10-Apr-23,20230410,April,Q2,2023,Monday,01-Apr-23,16678182.66
11-Apr-23,20230411,April,Q2,2023,Tuesday,01-Apr-23,16678182.66
12-Apr-23,20230412,April,Q2,2023,Wednesday,01-Apr-23,16678182.66
13-Apr-23,20230413,April,Q2,2023,Thursday,01-Apr-23,16678182.66
14-Apr-23,20230414,April,Q2,2023,Friday,01-Apr-23,16678182.66
15-Apr-23,20230415,April,Q2,2023,Saturday,01-Apr-23,16678182.66
16-Apr-23,20230416,April,Q2,2023,Sunday,01-Apr-23,16678182.66
17-Apr-23,20230417,April,Q2,2023,Monday,01-Apr-23,16678182.66
18-Apr-23,20230418,April,Q2,2023,Tuesday,01-Apr-23,16678182.66
19-Apr-23,20230419,April,Q2,2023,Wednesday,01-Apr-23,16678182.66
20-Apr-23,20230420,April,Q2,2023,Thursday,01-Apr-23,16678182.66
21-Apr-23,20230421,April,Q2,2023,Friday,01-Apr-23,16678182.66
22-Apr-23,20230422,April,Q2,2023,Saturday,01-Apr-23,16678182.66
23-Apr-23,20230423,April,Q2,2023,Sunday,01-Apr-23,16678182.66
24-Apr-23,20230424,April,Q2,2023,Monday,01-Apr-23,16678182.66
25-Apr-23,20230425,April,Q2,2023,Tuesday,01-Apr-23,16678182.66
26-Apr-23,20230426,April,Q2,2023,Wednesday,01-Apr-23,16678182.66
27-Apr-23,20230427,April,Q2,2023,Thursday,01-Apr-23,16678182.66
28-Apr-23,20230428,April,Q2,2023,Friday,01-Apr-23,16678182.66
29-Apr-23,20230429,April,Q2,2023,Saturday,01-Apr-23,16678182.66
30-Apr-23,20230430,April,Q2,2023,Sunday,01-Apr-23,16678182.66
01-May-23,20230501,May,Q2,2023,Monday,01-May-23,16678182.66
02-May-23,20230502,May,Q2,2023,Tuesday,01-May-23,16678182.66
03-May-23,20230503,May,Q2,2023,Wednesday,01-May-23,16678182.66
04-May-23,20230504,May,Q2,2023,Thursday,01-May-23,16678182.66
05-May-23,20230505,May,Q2,2023,Friday,01-May-23,16678182.66
06-May-23,20230506,May,Q2,2023,Saturday,01-May-23,16678182.66
07-May-23,20230507,May,Q2,2023,Sunday,01-May-23,16678182.66
08-May-23,20230508,May,Q2,2023,Monday,01-May-23,16678182.66
09-May-23,20230509,May,Q2,2023,Tuesday,01-May-23,16678182.66
10-May-23,20230510,May,Q2,2023,Wednesday,01-May-23,16678182.66
11-May-23,20230511,May,Q2,2023,Thursday,01-May-23,16678182.66
12-May-23,20230512,May,Q2,2023,Friday,01-May-23,16678182.66
13-May-23,20230513,May,Q2,2023,Saturday,01-May-23,16678182.66
14-May-23,20230514,May,Q2,2023,Sunday,01-May-23,16678182.66
15-May-23,20230515,May,Q2,2023,Monday,01-May-23,16678182.66
16-May-23,20230516,May,Q2,2023,Tuesday,01-May-23,16678182.66
17-May-23,20230517,May,Q2,2023,Wednesday,01-May-23,16678182.66
18-May-23,20230518,May,Q2,2023,Thursday,01-May-23,16678182.66
19-May-23,20230519,May,Q2,2023,Friday,01-May-23,16678182.66
20-May-23,20230520,May,Q2,2023,Saturday,01-May-23,16678182.66
21-May-23,20230521,May,Q2,2023,Sunday,01-May-23,16678182.66
22-May-23,20230522,May,Q2,2023,Monday,01-May-23,16678182.66
23-May-23,20230523,May,Q2,2023,Tuesday,01-May-23,16678182.66
24-May-23,20230524,May,Q2,2023,Wednesday,01-May-23,16678182.66
25-May-23,20230525,May,Q2,2023,Thursday,01-May-23,16678182.66
26-May-23,20230526,May,Q2,2023,Friday,01-May-23,16678182.66
27-May-23,20230527,May,Q2,2023,Saturday,01-May-23,16678182.66
28-May-23,20230528,May,Q2,2023,Sunday,01-May-23,16678182.66
29-May-23,20230529,May,Q2,2023,Monday,01-May-23,16678182.66
30-May-23,20230530,May,Q2,2023,Tuesday,01-May-23,16678182.66
31-May-23,20230531,May,Q2,2023,Wednesday,01-May-23,16678182.66
01-Jun-23,20230601,June,Q2,2023,Thursday,01-Jun-23,16678182.66
02-Jun-23,20230602,June,Q2,2023,Friday,01-Jun-23,16678182.66
03-Jun-23,20230603,June,Q2,2023,Saturday,01-Jun-23,16678182.66
04-Jun-23,20230604,June,Q2,2023,Sunday,01-Jun-23,16678182.66
05-Jun-23,20230605,June,Q2,2023,Monday,01-Jun-23,16678182.66
06-Jun-23,20230606,June,Q2,2023,Tuesday,01-Jun-23,16678182.66
07-Jun-23,20230607,June,Q2,2023,Wednesday,01-Jun-23,16678182.66
08-Jun-23,20230608,June,Q2,2023,Thursday,01-Jun-23,16678182.66
09-Jun-23,20230609,June,Q2,2023,Friday,01-Jun-23,16678182.66
10-Jun-23,20230610,June,Q2,2023,Saturday,01-Jun-23,16678182.66
11-Jun-23,20230611,June,Q2,2023,Sunday,01-Jun-23,16678182.66
12-Jun-23,20230612,June,Q2,2023,Monday,01-Jun-23,16678182.66
13-Jun-23,20230613,June,Q2,2023,Tuesday,01-Jun-23,16678182.66
14-Jun-23,20230614,June,Q2,2023,Wednesday,01-Jun-23,16678182.66
15-Jun-23,20230615,June,Q2,2023,Thursday,01-Jun-23,16678182.66
16-Jun-23,20230616,June,Q2,2023,Friday,01-Jun-23,16678182.66
17-Jun-23,20230617,June,Q2,2023,Saturday,01-Jun-23,16678182.66
18-Jun-23,20230618,June,Q2,2023,Sunday,01-Jun-23,16678182.66
19-Jun-23,20230619,June,Q2,2023,Monday,01-Jun-23,16678182.66
20-Jun-23,20230620,June,Q2,2023,Tuesday,01-Jun-23,16678182.66
21-Jun-23,20230621,June,Q2,2023,Wednesday,01-Jun-23,16678182.66
22-Jun-23,20230622,June,Q2,2023,Thursday,01-Jun-23,16678182.66
23-Jun-23,20230623,June,Q2,2023,Friday,01-Jun-23,16678182.66
24-Jun-23,20230624,June,Q2,2023,Saturday,01-Jun-23,16678182.66
25-Jun-23,20230625,June,Q2,2023,Sunday,01-Jun-23,16678182.66
26-Jun-23,20230626,June,Q2,2023,Monday,01-Jun-23,16678182.66
27-Jun-23,20230627,June,Q2,2023,Tuesday,01-Jun-23,16678182.66
28-Jun-23,20230628,June,Q2,2023,Wednesday,01-Jun-23,16678182.66
29-Jun-23,20230629,June,Q2,2023,Thursday,01-Jun-23,16678182.66
30-Jun-23,20230630,June,Q2,2023,Friday,01-Jun-23,16678182.66
01-Jul-23,20230701,July,Q3,2023,Saturday,01-Jul-23,16678182.66
02-Jul-23,20230702,July,Q3,2023,Sunday,01-Jul-23,16678182.66
03-Jul-23,20230703,July,Q3,2023,Monday,01-Jul-23,16678182.66
04-Jul-23,20230704,July,Q3,2023,Tuesday,01-Jul-23,16678182.66
05-Jul-23,20230705,July,Q3,2023,Wednesday,01-Jul-23,16678182.66
06-Jul-23,20230706,July,Q3,2023,Thursday,01-Jul-23,16678182.66
07-Jul-23,20230707,July,Q3,2023,Friday,01-Jul-23,16678182.66
08-Jul-23,20230708,July,Q3,2023,Saturday,01-Jul-23,16678182.66
09-Jul-23,20230709,July,Q3,2023,Sunday,01-Jul-23,16678182.66
10-Jul-23,20230710,July,Q3,2023,Monday,01-Jul-23,16678182.66
11-Jul-23,20230711,July,Q3,2023,Tuesday,01-Jul-23,16678182.66
12-Jul-23,20230712,July,Q3,2023,Wednesday,01-Jul-23,16678182.66
13-Jul-23,20230713,July,Q3,2023,Thursday,01-Jul-23,16678182.66
14-Jul-23,20230714,July,Q3,2023,Friday,01-Jul-23,16678182.66
15-Jul-23,20230715,July,Q3,2023,Saturday,01-Jul-23,16678182.66
16-Jul-23,20230716,July,Q3,2023,Sunday,01-Jul-23,16678182.66
17-Jul-23,20230717,July,Q3,2023,Monday,01-Jul-23,16678182.66
18-Jul-23,20230718,July,Q3,2023,Tuesday,01-Jul-23,16678182.66
19-Jul-23,20230719,July,Q3,2023,Wednesday,01-Jul-23,16678182.66
20-Jul-23,20230720,July,Q3,2023,Thursday,01-Jul-23,16678182.66
21-Jul-23,20230721,July,Q3,2023,Friday,01-Jul-23,16678182.66
22-Jul-23,20230722,July,Q3,2023,Saturday,01-Jul-23,16678182.66
23-Jul-23,20230723,July,Q3,2023,Sunday,01-Jul-23,16678182.66
24-Jul-23,20230724,July,Q3,2023,Monday,01-Jul-23,16678182.66
25-Jul-23,20230725,July,Q3,2023,Tuesday,01-Jul-23,16678182.66
26-Jul-23,20230726,July,Q3,2023,Wednesday,01-Jul-23,16678182.66
27-Jul-23,20230727,July,Q3,2023,Thursday,01-Jul-23,16678182.66
28-Jul-23,20230728,July,Q3,2023,Friday,01-Jul-23,16678182.66
29-Jul-23,20230729,July,Q3,2023,Saturday,01-Jul-23,16678182.66
30-Jul-23,20230730,July,Q3,2023,Sunday,01-Jul-23,16678182.66
31-Jul-23,20230731,July,Q3,2023,Monday,01-Jul-23,16678182.66
01-Aug-23,20230801,August,Q3,2023,Tuesday,01-Aug-23,16678182.66
02-Aug-23,20230802,August,Q3,2023,Wednesday,01-Aug-23,16678182.66
03-Aug-23,20230803,August,Q3,2023,Thursday,01-Aug-23,16678182.66
04-Aug-23,20230804,August,Q3,2023,Friday,01-Aug-23,16678182.66
05-Aug-23,20230805,August,Q3,2023,Saturday,01-Aug-23,16678182.66
06-Aug-23,20230806,August,Q3,2023,Sunday,01-Aug-23,16678182.66
07-Aug-23,20230807,August,Q3,2023,Monday,01-Aug-23,16678182.66
08-Aug-23,20230808,August,Q3,2023,Tuesday,01-Aug-23,16678182.66
09-Aug-23,20230809,August,Q3,2023,Wednesday,01-Aug-23,16678182.66
10-Aug-23,20230810,August,Q3,2023,Thursday,01-Aug-23,16678182.66
11-Aug-23,20230811,August,Q3,2023,Friday,01-Aug-23,16678182.66
12-Aug-23,20230812,August,Q3,2023,Saturday,01-Aug-23,16678182.66
13-Aug-23,20230813,August,Q3,2023,Sunday,01-Aug-23,16678182.66
14-Aug-23,20230814,August,Q3,2023,Monday,01-Aug-23,16678182.66
15-Aug-23,20230815,August,Q3,2023,Tuesday,01-Aug-23,16678182.66
16-Aug-23,20230816,August,Q3,2023,Wednesday,01-Aug-23,16678182.66
17-Aug-23,20230817,August,Q3,2023,Thursday,01-Aug-23,16678182.66
18-Aug-23,20230818,August,Q3,2023,Friday,01-Aug-23,16678182.66
19-Aug-23,20230819,August,Q3,2023,Saturday,01-Aug-23,16678182.66
20-Aug-23,20230820,August,Q3,2023,Sunday,01-Aug-23,16678182.66
21-Aug-23,20230821,August,Q3,2023,Monday,01-Aug-23,16678182.66
22-Aug-23,20230822,August,Q3,2023,Tuesday,01-Aug-23,16678182.66
23-Aug-23,20230823,August,Q3,2023,Wednesday,01-Aug-23,16678182.66
24-Aug-23,20230824,August,Q3,2023,Thursday,01-Aug-23,16678182.66
25-Aug-23,20230825,August,Q3,2023,Friday,01-Aug-23,16678182.66
26-Aug-23,20230826,August,Q3,2023,Saturday,01-Aug-23,16678182.66
27-Aug-23,20230827,August,Q3,2023,Sunday,01-Aug-23,16678182.66
28-Aug-23,20230828,August,Q3,2023,Monday,01-Aug-23,16678182.66
29-Aug-23,20230829,August,Q3,2023,Tuesday,01-Aug-23,16678182.66
30-Aug-23,20230830,August,Q3,2023,Wednesday,01-Aug-23,16678182.66
31-Aug-23,20230831,August,Q3,2023,Thursday,01-Aug-23,16678182.66
01-Sep-23,20230901,September,Q3,2023,Friday,01-Sep-23,16678182.66
02-Sep-23,20230902,September,Q3,2023,Saturday,01-Sep-23,16678182.66
03-Sep-23,20230903,September,Q3,2023,Sunday,01-Sep-23,16678182.66
04-Sep-23,20230904,September,Q3,2023,Monday,01-Sep-23,16678182.66
05-Sep-23,20230905,September,Q3,2023,Tuesday,01-Sep-23,16678182.66
06-Sep-23,20230906,September,Q3,2023,Wednesday,01-Sep-23,16678182.66
07-Sep-23,20230907,September,Q3,2023,Thursday,01-Sep-23,16678182.66
08-Sep-23,20230908,September,Q3,2023,Friday,01-Sep-23,16678182.66
09-Sep-23,20230909,September,Q3,2023,Saturday,01-Sep-23,16678182.66
10-Sep-23,20230910,September,Q3,2023,Sunday,01-Sep-23,16678182.66
11-Sep-23,20230911,September,Q3,2023,Monday,01-Sep-23,16678182.66
12-Sep-23,20230912,September,Q3,2023,Tuesday,01-Sep-23,16678182.66
13-Sep-23,20230913,September,Q3,2023,Wednesday,01-Sep-23,16678182.66
14-Sep-23,20230914,September,Q3,2023,Thursday,01-Sep-23,16678182.66
15-Sep-23,20230915,September,Q3,2023,Friday,01-Sep-23,16678182.66
16-Sep-23,20230916,September,Q3,2023,Saturday,01-Sep-23,16678182.66
17-Sep-23,20230917,September,Q3,2023,Sunday,01-Sep-23,16678182.66
18-Sep-23,20230918,September,Q3,2023,Monday,01-Sep-23,16678182.66
19-Sep-23,20230919,September,Q3,2023,Tuesday,01-Sep-23,16678182.66
20-Sep-23,20230920,September,Q3,2023,Wednesday,01-Sep-23,16678182.66
21-Sep-23,20230921,September,Q3,2023,Thursday,01-Sep-23,16678182.66
22-Sep-23,20230922,September,Q3,2023,Friday,01-Sep-23,16678182.66
23-Sep-23,20230923,September,Q3,2023,Saturday,01-Sep-23,16678182.66
24-Sep-23,20230924,September,Q3,2023,Sunday,01-Sep-23,16678182.66
25-Sep-23,20230925,September,Q3,2023,Monday,01-Sep-23,16678182.66
26-Sep-23,20230926,September,Q3,2023,Tuesday,01-Sep-23,16678182.66
27-Sep-23,20230927,September,Q3,2023,Wednesday,01-Sep-23,16678182.66
28-Sep-23,20230928,September,Q3,2023,Thursday,01-Sep-23,16678182.66
29-Sep-23,20230929,September,Q3,2023,Friday,01-Sep-23,16678182.66
30-Sep-23,20230930,September,Q3,2023,Saturday,01-Sep-23,16678182.66
01-Oct-23,20231001,October,Q4,2023,Sunday,01-Oct-23,16678182.66
02-Oct-23,20231002,October,Q4,2023,Monday,01-Oct-23,16678182.66
03-Oct-23,20231003,October,Q4,2023,Tuesday,01-Oct-23,16678182.66
04-Oct-23,20231004,October,Q4,2023,Wednesday,01-Oct-23,16678182.66
05-Oct-23,20231005,October,Q4,2023,Thursday,01-Oct-23,16678182.66
06-Oct-23,20231006,October,Q4,2023,Friday,01-Oct-23,16678182.66
07-Oct-23,20231007,October,Q4,2023,Saturday,01-Oct-23,16678182.66
08-Oct-23,20231008,October,Q4,2023,Sunday,01-Oct-23,16678182.66
09-Oct-23,20231009,October,Q4,2023,Monday,01-Oct-23,16678182.66
10-Oct-23,20231010,October,Q4,2023,Tuesday,01-Oct-23,16678182.66
11-Oct-23,20231011,October,Q4,2023,Wednesday,01-Oct-23,16678182.66
12-Oct-23,20231012,October,Q4,2023,Thursday,01-Oct-23,16678182.66
13-Oct-23,20231013,October,Q4,2023,Friday,01-Oct-23,16678182.66
14-Oct-23,20231014,October,Q4,2023,Saturday,01-Oct-23,16678182.66
15-Oct-23,20231015,October,Q4,2023,Sunday,01-Oct-23,16678182.66
16-Oct-23,20231016,October,Q4,2023,Monday,01-Oct-23,16678182.66
17-Oct-23,20231017,October,Q4,2023,Tuesday,01-Oct-23,16678182.66
18-Oct-23,20231018,October,Q4,2023,Wednesday,01-Oct-23,16678182.66
19-Oct-23,20231019,October,Q4,2023,Thursday,01-Oct-23,16678182.66
20-Oct-23,20231020,October,Q4,2023,Friday,01-Oct-23,16678182.66
21-Oct-23,20231021,October,Q4,2023,Saturday,01-Oct-23,16678182.66
22-Oct-23,20231022,October,Q4,2023,Sunday,01-Oct-23,16678182.66
23-Oct-23,20231023,October,Q4,2023,Monday,01-Oct-23,16678182.66
24-Oct-23,20231024,October,Q4,2023,Tuesday,01-Oct-23,16678182.66
25-Oct-23,20231025,October,Q4,2023,Wednesday,01-Oct-23,16678182.66
26-Oct-23,20231026,October,Q4,2023,Thursday,01-Oct-23,16678182.66
27-Oct-23,20231027,October,Q4,2023,Friday,01-Oct-23,16678182.66
28-Oct-23,20231028,October,Q4,2023,Saturday,01-Oct-23,16678182.66
29-Oct-23,20231029,October,Q4,2023,Sunday,01-Oct-23,16678182.66
30-Oct-23,20231030,October,Q4,2023,Monday,01-Oct-23,16678182.66
31-Oct-23,20231031,October,Q4,2023,Tuesday,01-Oct-23,16678182.66
01-Nov-23,20231101,November,Q4,2023,Wednesday,01-Nov-23,16678182.66
02-Nov-23,20231102,November,Q4,2023,Thursday,01-Nov-23,16678182.66
03-Nov-23,20231103,November,Q4,2023,Friday,01-Nov-23,16678182.66
04-Nov-23,20231104,November,Q4,2023,Saturday,01-Nov-23,16678182.66
05-Nov-23,20231105,November,Q4,2023,Sunday,01-Nov-23,16678182.66
06-Nov-23,20231106,November,Q4,2023,Monday,01-Nov-23,16678182.66
07-Nov-23,20231107,November,Q4,2023,Tuesday,01-Nov-23,16678182.66
08-Nov-23,20231108,November,Q4,2023,Wednesday,01-Nov-23,16678182.66
09-Nov-23,20231109,November,Q4,2023,Thursday,01-Nov-23,16678182.66
10-Nov-23,20231110,November,Q4,2023,Friday,01-Nov-23,16678182.66
11-Nov-23,20231111,November,Q4,2023,Saturday,01-Nov-23,16678182.66
12-Nov-23,20231112,November,Q4,2023,Sunday,01-Nov-23,16678182.66
13-Nov-23,20231113,November,Q4,2023,Monday,01-Nov-23,16678182.66
14-Nov-23,20231114,November,Q4,2023,Tuesday,01-Nov-23,16678182.66
15-Nov-23,20231115,November,Q4,2023,Wednesday,01-Nov-23,16678182.66
16-Nov-23,20231116,November,Q4,2023,Thursday,01-Nov-23,16678182.66
17-Nov-23,20231117,November,Q4,2023,Friday,01-Nov-23,16678182.66
18-Nov-23,20231118,November,Q4,2023,Saturday,01-Nov-23,16678182.66
19-Nov-23,20231119,November,Q4,2023,Sunday,01-Nov-23,16678182.66
20-Nov-23,20231120,November,Q4,2023,Monday,01-Nov-23,16678182.66
21-Nov-23,20231121,November,Q4,2023,Tuesday,01-Nov-23,16678182.66
22-Nov-23,20231122,November,Q4,2023,Wednesday,01-Nov-23,16678182.66
23-Nov-23,20231123,November,Q4,2023,Thursday,01-Nov-23,16678182.66
24-Nov-23,20231124,November,Q4,2023,Friday,01-Nov-23,16678182.66
25-Nov-23,20231125,November,Q4,2023,Saturday,01-Nov-23,16678182.66
26-Nov-23,20231126,November,Q4,2023,Sunday,01-Nov-23,16678182.66
27-Nov-23,20231127,November,Q4,2023,Monday,01-Nov-23,16678182.66
28-Nov-23,20231128,November,Q4,2023,Tuesday,01-Nov-23,16678182.66
29-Nov-23,20231129,November,Q4,2023,Wednesday,01-Nov-23,16678182.66
30-Nov-23,20231130,November,Q4,2023,Thursday,01-Nov-23,16678182.66
01-Dec-23,20231201,December,Q4,2023,Friday,01-Dec-23,16678182.66
02-Dec-23,20231202,December,Q4,2023,Saturday,01-Dec-23,16678182.66
03-Dec-23,20231203,December,Q4,2023,Sunday,01-Dec-23,16678182.66
04-Dec-23,20231204,December,Q4,2023,Monday,01-Dec-23,16678182.66
05-Dec-23,20231205,December,Q4,2023,Tuesday,01-Dec-23,16678182.66
06-Dec-23,20231206,December,Q4,2023,Wednesday,01-Dec-23,16678182.66
07-Dec-23,20231207,December,Q4,2023,Thursday,01-Dec-23,16678182.66
08-Dec-23,20231208,December,Q4,2023,Friday,01-Dec-23,16678182.66
09-Dec-23,20231209,December,Q4,2023,Saturday,01-Dec-23,16678182.66
10-Dec-23,20231210,December,Q4,2023,Sunday,01-Dec-23,16678182.66
11-Dec-23,20231211,December,Q4,2023,Monday,01-Dec-23,16678182.66
12-Dec-23,20231212,December,Q4,2023,Tuesday,01-Dec-23,16678182.66
13-Dec-23,20231213,December,Q4,2023,Wednesday,01-Dec-23,16678182.66
14-Dec-23,20231214,December,Q4,2023,Thursday,01-Dec-23,16678182.66
15-Dec-23,20231215,December,Q4,2023,Friday,01-Dec-23,16678182.66
16-Dec-23,20231216,December,Q4,2023,Saturday,01-Dec-23,16678182.66
17-Dec-23,20231217,December,Q4,2023,Sunday,01-Dec-23,16678182.66
18-Dec-23,20231218,December,Q4,2023,Monday,01-Dec-23,16678182.66
19-Dec-23,20231219,December,Q4,2023,Tuesday,01-Dec-23,16678182.66
20-Dec-23,20231220,December,Q4,2023,Wednesday,01-Dec-23,16678182.66
21-Dec-23,20231221,December,Q4,2023,Thursday,01-Dec-23,16678182.66
22-Dec-23,20231222,December,Q4,2023,Friday,01-Dec-23,16678182.66
23-Dec-23,20231223,December,Q4,2023,Saturday,01-Dec-23,16678182.66
24-Dec-23,20231224,December,Q4,2023,Sunday,01-Dec-23,16678182.66
25-Dec-23,20231225,December,Q4,2023,Monday,01-Dec-23,16678182.66
26-Dec-23,20231226,December,Q4,2023,Tuesday,01-Dec-23,16678182.66
27-Dec-23,20231227,December,Q4,2023,Wednesday,01-Dec-23,16678182.66
28-Dec-23,20231228,December,Q4,2023,Thursday,01-Dec-23,16678182.66
29-Dec-23,20231229,December,Q4,2023,Friday,01-Dec-23,16678182.66
30-Dec-23,20231230,December,Q4,2023,Saturday,01-Dec-23,16678182.66
31-Dec-23,20231231,December,Q4,2023,Sunday,01-Dec-23,16678182.66
01-Jan-24,20240101,January,Q1,2024,Monday,01-Jan-24,18134205.44
02-Jan-24,20240102,January,Q1,2024,Tuesday,01-Jan-24,18134205.44
03-Jan-24,20240103,January,Q1,2024,Wednesday,01-Jan-24,18134205.44
04-Jan-24,20240104,January,Q1,2024,Thursday,01-Jan-24,18134205.44
05-Jan-24,20240105,January,Q1,2024,Friday,01-Jan-24,18134205.44
06-Jan-24,20240106,January,Q1,2024,Saturday,01-Jan-24,18134205.44
07-Jan-24,20240107,January,Q1,2024,Sunday,01-Jan-24,18134205.44
08-Jan-24,20240108,January,Q1,2024,Monday,01-Jan-24,18134205.44
09-Jan-24,20240109,January,Q1,2024,Tuesday,01-Jan-24,18134205.44
10-Jan-24,20240110,January,Q1,2024,Wednesday,01-Jan-24,18134205.44
11-Jan-24,20240111,January,Q1,2024,Thursday,01-Jan-24,18134205.44
12-Jan-24,20240112,January,Q1,2024,Friday,01-Jan-24,18134205.44
13-Jan-24,20240113,January,Q1,2024,Saturday,01-Jan-24,18134205.44
14-Jan-24,20240114,January,Q1,2024,Sunday,01-Jan-24,18134205.44
15-Jan-24,20240115,January,Q1,2024,Monday,01-Jan-24,18134205.44
16-Jan-24,20240116,January,Q1,2024,Tuesday,01-Jan-24,18134205.44
17-Jan-24,20240117,January,Q1,2024,Wednesday,01-Jan-24,18134205.44
18-Jan-24,20240118,January,Q1,2024,Thursday,01-Jan-24,18134205.44
19-Jan-24,20240119,January,Q1,2024,Friday,01-Jan-24,18134205.44
20-Jan-24,20240120,January,Q1,2024,Saturday,01-Jan-24,18134205.44
21-Jan-24,20240121,January,Q1,2024,Sunday,01-Jan-24,18134205.44
22-Jan-24,20240122,January,Q1,2024,Monday,01-Jan-24,18134205.44
23-Jan-24,20240123,January,Q1,2024,Tuesday,01-Jan-24,18134205.44
24-Jan-24,20240124,January,Q1,2024,Wednesday,01-Jan-24,18134205.44
25-Jan-24,20240125,January,Q1,2024,Thursday,01-Jan-24,18134205.44
26-Jan-24,20240126,January,Q1,2024,Friday,01-Jan-24,18134205.44
27-Jan-24,20240127,January,Q1,2024,Saturday,01-Jan-24,18134205.44
28-Jan-24,20240128,January,Q1,2024,Sunday,01-Jan-24,18134205.44
29-Jan-24,20240129,January,Q1,2024,Monday,01-Jan-24,18134205.44
30-Jan-24,20240130,January,Q1,2024,Tuesday,01-Jan-24,18134205.44
31-Jan-24,20240131,January,Q1,2024,Wednesday,01-Jan-24,18134205.44
01-Feb-24,20240201,February,Q1,2024,Thursday,01-Feb-24,18134205.44
02-Feb-24,20240202,February,Q1,2024,Friday,01-Feb-24,18134205.44
03-Feb-24,20240203,February,Q1,2024,Saturday,01-Feb-24,18134205.44
04-Feb-24,20240204,February,Q1,2024,Sunday,01-Feb-24,18134205.44
05-Feb-24,20240205,February,Q1,2024,Monday,01-Feb-24,18134205.44
06-Feb-24,20240206,February,Q1,2024,Tuesday,01-Feb-24,18134205.44
07-Feb-24,20240207,February,Q1,2024,Wednesday,01-Feb-24,18134205.44
08-Feb-24,20240208,February,Q1,2024,Thursday,01-Feb-24,18134205.44
09-Feb-24,20240209,February,Q1,2024,Friday,01-Feb-24,18134205.44
10-Feb-24,20240210,February,Q1,2024,Saturday,01-Feb-24,18134205.44
11-Feb-24,20240211,February,Q1,2024,Sunday,01-Feb-24,18134205.44
12-Feb-24,20240212,February,Q1,2024,Monday,01-Feb-24,18134205.44
13-Feb-24,20240213,February,Q1,2024,Tuesday,01-Feb-24,18134205.44
14-Feb-24,20240214,February,Q1,2024,Wednesday,01-Feb-24,18134205.44
15-Feb-24,20240215,February,Q1,2024,Thursday,01-Feb-24,18134205.44
16-Feb-24,20240216,February,Q1,2024,Friday,01-Feb-24,18134205.44
17-Feb-24,20240217,February,Q1,2024,Saturday,01-Feb-24,18134205.44
18-Feb-24,20240218,February,Q1,2024,Sunday,01-Feb-24,18134205.44
19-Feb-24,20240219,February,Q1,2024,Monday,01-Feb-24,18134205.44
20-Feb-24,20240220,February,Q1,2024,Tuesday,01-Feb-24,18134205.44
21-Feb-24,20240221,February,Q1,2024,Wednesday,01-Feb-24,18134205.44
22-Feb-24,20240222,February,Q1,2024,Thursday,01-Feb-24,18134205.44
23-Feb-24,20240223,February,Q1,2024,Friday,01-Feb-24,18134205.44
24-Feb-24,20240224,February,Q1,2024,Saturday,01-Feb-24,18134205.44
25-Feb-24,20240225,February,Q1,2024,Sunday,01-Feb-24,18134205.44
26-Feb-24,20240226,February,Q1,2024,Monday,01-Feb-24,18134205.44
27-Feb-24,20240227,February,Q1,2024,Tuesday,01-Feb-24,18134205.44
28-Feb-24,20240228,February,Q1,2024,Wednesday,01-Feb-24,18134205.44
29-Feb-24,20240229,February,Q1,2024,Thursday,01-Feb-24,18134205.44
01-Mar-24,20240301,March,Q1,2024,Friday,01-Mar-24,18134205.44
02-Mar-24,20240302,March,Q1,2024,Saturday,01-Mar-24,18134205.44
03-Mar-24,20240303,March,Q1,2024,Sunday,01-Mar-24,18134205.44
04-Mar-24,20240304,March,Q1,2024,Monday,01-Mar-24,18134205.44
05-Mar-24,20240305,March,Q1,2024,Tuesday,01-Mar-24,18134205.44
06-Mar-24,20240306,March,Q1,2024,Wednesday,01-Mar-24,18134205.44
07-Mar-24,20240307,March,Q1,2024,Thursday,01-Mar-24,18134205.44
08-Mar-24,20240308,March,Q1,2024,Friday,01-Mar-24,18134205.44
09-Mar-24,20240309,March,Q1,2024,Saturday,01-Mar-24,18134205.44
10-Mar-24,20240310,March,Q1,2024,Sunday,01-Mar-24,18134205.44
11-Mar-24,20240311,March,Q1,2024,Monday,01-Mar-24,18134205.44
12-Mar-24,20240312,March,Q1,2024,Tuesday,01-Mar-24,18134205.44
13-Mar-24,20240313,March,Q1,2024,Wednesday,01-Mar-24,18134205.44
14-Mar-24,20240314,March,Q1,2024,Thursday,01-Mar-24,18134205.44
15-Mar-24,20240315,March,Q1,2024,Friday,01-Mar-24,18134205.44
16-Mar-24,20240316,March,Q1,2024,Saturday,01-Mar-24,18134205.44
17-Mar-24,20240317,March,Q1,2024,Sunday,01-Mar-24,18134205.44
18-Mar-24,20240318,March,Q1,2024,Monday,01-Mar-24,18134205.44
19-Mar-24,20240319,March,Q1,2024,Tuesday,01-Mar-24,18134205.44
20-Mar-24,20240320,March,Q1,2024,Wednesday,01-Mar-24,18134205.44
21-Mar-24,20240321,March,Q1,2024,Thursday,01-Mar-24,18134205.44
22-Mar-24,20240322,March,Q1,2024,Friday,01-Mar-24,18134205.44
23-Mar-24,20240323,March,Q1,2024,Saturday,01-Mar-24,18134205.44
24-Mar-24,20240324,March,Q1,2024,Sunday,01-Mar-24,18134205.44
25-Mar-24,20240325,March,Q1,2024,Monday,01-Mar-24,18134205.44
26-Mar-24,20240326,March,Q1,2024,Tuesday,01-Mar-24,18134205.44
27-Mar-24,20240327,March,Q1,2024,Wednesday,01-Mar-24,18134205.44
28-Mar-24,20240328,March,Q1,2024,Thursday,01-Mar-24,18134205.44
29-Mar-24,20240329,March,Q1,2024,Friday,01-Mar-24,18134205.44
30-Mar-24,20240330,March,Q1,2024,Saturday,01-Mar-24,18134205.44
31-Mar-24,20240331,March,Q1,2024,Sunday,01-Mar-24,18134205.44
01-Apr-24,20240401,April,Q2,2024,Monday,01-Apr-24,18134205.44
02-Apr-24,20240402,April,Q2,2024,Tuesday,01-Apr-24,18134205.44
03-Apr-24,20240403,April,Q2,2024,Wednesday,01-Apr-24,18134205.44
04-Apr-24,20240404,April,Q2,2024,Thursday,01-Apr-24,18134205.44
05-Apr-24,20240405,April,Q2,2024,Friday,01-Apr-24,18134205.44
06-Apr-24,20240406,April,Q2,2024,Saturday,01-Apr-24,18134205.44
07-Apr-24,20240407,April,Q2,2024,Sunday,01-Apr-24,18134205.44
08-Apr-24,20240408,April,Q2,2024,Monday,01-Apr-24,18134205.44
09-Apr-24,20240409,April,Q2,2024,Tuesday,01-Apr-24,18134205.44
10-Apr-24,20240410,April,Q2,2024,Wednesday,01-Apr-24,18134205.44
11-Apr-24,20240411,April,Q2,2024,Thursday,01-Apr-24,18134205.44
12-Apr-24,20240412,April,Q2,2024,Friday,01-Apr-24,18134205.44
13-Apr-24,20240413,April,Q2,2024,Saturday,01-Apr-24,18134205.44
14-Apr-24,20240414,April,Q2,2024,Sunday,01-Apr-24,18134205.44
15-Apr-24,20240415,April,Q2,2024,Monday,01-Apr-24,18134205.44
16-Apr-24,20240416,April,Q2,2024,Tuesday,01-Apr-24,18134205.44
17-Apr-24,20240417,April,Q2,2024,Wednesday,01-Apr-24,18134205.44
18-Apr-24,20240418,April,Q2,2024,Thursday,01-Apr-24,18134205.44
19-Apr-24,20240419,April,Q2,2024,Friday,01-Apr-24,18134205.44
20-Apr-24,20240420,April,Q2,2024,Saturday,01-Apr-24,18134205.44
21-Apr-24,20240421,April,Q2,2024,Sunday,01-Apr-24,18134205.44
22-Apr-24,20240422,April,Q2,2024,Monday,01-Apr-24,18134205.44
23-Apr-24,20240423,April,Q2,2024,Tuesday,01-Apr-24,18134205.44
24-Apr-24,20240424,April,Q2,2024,Wednesday,01-Apr-24,18134205.44
25-Apr-24,20240425,April,Q2,2024,Thursday,01-Apr-24,18134205.44
26-Apr-24,20240426,April,Q2,2024,Friday,01-Apr-24,18134205.44
27-Apr-24,20240427,April,Q2,2024,Saturday,01-Apr-24,18134205.44
28-Apr-24,20240428,April,Q2,2024,Sunday,01-Apr-24,18134205.44
29-Apr-24,20240429,April,Q2,2024,Monday,01-Apr-24,18134205.44
30-Apr-24,20240430,April,Q2,2024,Tuesday,01-Apr-24,18134205.44
01-May-24,20240501,May,Q2,2024,Wednesday,01-May-24,18134205.44
02-May-24,20240502,May,Q2,2024,Thursday,01-May-24,18134205.44
03-May-24,20240503,May,Q2,2024,Friday,01-May-24,18134205.44
04-May-24,20240504,May,Q2,2024,Saturday,01-May-24,18134205.44
05-May-24,20240505,May,Q2,2024,Sunday,01-May-24,18134205.44
06-May-24,20240506,May,Q2,2024,Monday,01-May-24,18134205.44
07-May-24,20240507,May,Q2,2024,Tuesday,01-May-24,18134205.44
08-May-24,20240508,May,Q2,2024,Wednesday,01-May-24,18134205.44
09-May-24,20240509,May,Q2,2024,Thursday,01-May-24,18134205.44
10-May-24,20240510,May,Q2,2024,Friday,01-May-24,18134205.44
11-May-24,20240511,May,Q2,2024,Saturday,01-May-24,18134205.44
12-May-24,20240512,May,Q2,2024,Sunday,01-May-24,18134205.44
13-May-24,20240513,May,Q2,2024,Monday,01-May-24,18134205.44
14-May-24,20240514,May,Q2,2024,Tuesday,01-May-24,18134205.44
15-May-24,20240515,May,Q2,2024,Wednesday,01-May-24,18134205.44
16-May-24,20240516,May,Q2,2024,Thursday,01-May-24,18134205.44
17-May-24,20240517,May,Q2,2024,Friday,01-May-24,18134205.44
18-May-24,20240518,May,Q2,2024,Saturday,01-May-24,18134205.44
19-May-24,20240519,May,Q2,2024,Sunday,01-May-24,18134205.44
20-May-24,20240520,May,Q2,2024,Monday,01-May-24,18134205.44
21-May-24,20240521,May,Q2,2024,Tuesday,01-May-24,18134205.44
22-May-24,20240522,May,Q2,2024,Wednesday,01-May-24,18134205.44
23-May-24,20240523,May,Q2,2024,Thursday,01-May-24,18134205.44
24-May-24,20240524,May,Q2,2024,Friday,01-May-24,18134205.44
25-May-24,20240525,May,Q2,2024,Saturday,01-May-24,18134205.44
26-May-24,20240526,May,Q2,2024,Sunday,01-May-24,18134205.44
27-May-24,20240527,May,Q2,2024,Monday,01-May-24,18134205.44
28-May-24,20240528,May,Q2,2024,Tuesday,01-May-24,18134205.44
29-May-24,20240529,May,Q2,2024,Wednesday,01-May-24,18134205.44
30-May-24,20240530,May,Q2,2024,Thursday,01-May-24,18134205.44
31-May-24,20240531,May,Q2,2024,Friday,01-May-24,18134205.44
01-Jun-24,20240601,June,Q2,2024,Saturday,01-Jun-24,18134205.44
02-Jun-24,20240602,June,Q2,2024,Sunday,01-Jun-24,18134205.44
03-Jun-24,20240603,June,Q2,2024,Monday,01-Jun-24,18134205.44
04-Jun-24,20240604,June,Q2,2024,Tuesday,01-Jun-24,18134205.44
05-Jun-24,20240605,June,Q2,2024,Wednesday,01-Jun-24,18134205.44
06-Jun-24,20240606,June,Q2,2024,Thursday,01-Jun-24,18134205.44
07-Jun-24,20240607,June,Q2,2024,Friday,01-Jun-24,18134205.44
08-Jun-24,20240608,June,Q2,2024,Saturday,01-Jun-24,18134205.44
09-Jun-24,20240609,June,Q2,2024,Sunday,01-Jun-24,18134205.44
10-Jun-24,20240610,June,Q2,2024,Monday,01-Jun-24,18134205.44
11-Jun-24,20240611,June,Q2,2024,Tuesday,01-Jun-24,18134205.44
12-Jun-24,20240612,June,Q2,2024,Wednesday,01-Jun-24,18134205.44
13-Jun-24,20240613,June,Q2,2024,Thursday,01-Jun-24,18134205.44
14-Jun-24,20240614,June,Q2,2024,Friday,01-Jun-24,18134205.44
15-Jun-24,20240615,June,Q2,2024,Saturday,01-Jun-24,18134205.44
16-Jun-24,20240616,June,Q2,2024,Sunday,01-Jun-24,18134205.44
17-Jun-24,20240617,June,Q2,2024,Monday,01-Jun-24,18134205.44
18-Jun-24,20240618,June,Q2,2024,Tuesday,01-Jun-24,18134205.44
19-Jun-24,20240619,June,Q2,2024,Wednesday,01-Jun-24,18134205.44
20-Jun-24,20240620,June,Q2,2024,Thursday,01-Jun-24,18134205.44
21-Jun-24,20240621,June,Q2,2024,Friday,01-Jun-24,18134205.44
22-Jun-24,20240622,June,Q2,2024,Saturday,01-Jun-24,18134205.44
23-Jun-24,20240623,June,Q2,2024,Sunday,01-Jun-24,18134205.44
24-Jun-24,20240624,June,Q2,2024,Monday,01-Jun-24,18134205.44
25-Jun-24,20240625,June,Q2,2024,Tuesday,01-Jun-24,18134205.44
26-Jun-24,20240626,June,Q2,2024,Wednesday,01-Jun-24,18134205.44
27-Jun-24,20240627,June,Q2,2024,Thursday,01-Jun-24,18134205.44
28-Jun-24,20240628,June,Q2,2024,Friday,01-Jun-24,18134205.44
29-Jun-24,20240629,June,Q2,2024,Saturday,01-Jun-24,18134205.44
30-Jun-24,20240630,June,Q2,2024,Sunday,01-Jun-24,18134205.44
01-Jul-24,20240701,July,Q3,2024,Monday,01-Jul-24,18134205.44
02-Jul-24,20240702,July,Q3,2024,Tuesday,01-Jul-24,18134205.44
03-Jul-24,20240703,July,Q3,2024,Wednesday,01-Jul-24,18134205.44
04-Jul-24,20240704,July,Q3,2024,Thursday,01-Jul-24,18134205.44
05-Jul-24,20240705,July,Q3,2024,Friday,01-Jul-24,18134205.44
06-Jul-24,20240706,July,Q3,2024,Saturday,01-Jul-24,18134205.44
07-Jul-24,20240707,July,Q3,2024,Sunday,01-Jul-24,18134205.44
08-Jul-24,20240708,July,Q3,2024,Monday,01-Jul-24,18134205.44
09-Jul-24,20240709,July,Q3,2024,Tuesday,01-Jul-24,18134205.44
10-Jul-24,20240710,July,Q3,2024,Wednesday,01-Jul-24,18134205.44
11-Jul-24,20240711,July,Q3,2024,Thursday,01-Jul-24,18134205.44
12-Jul-24,20240712,July,Q3,2024,Friday,01-Jul-24,18134205.44
13-Jul-24,20240713,July,Q3,2024,Saturday,01-Jul-24,18134205.44
14-Jul-24,20240714,July,Q3,2024,Sunday,01-Jul-24,18134205.44
15-Jul-24,20240715,July,Q3,2024,Monday,01-Jul-24,18134205.44
16-Jul-24,20240716,July,Q3,2024,Tuesday,01-Jul-24,18134205.44
17-Jul-24,20240717,July,Q3,2024,Wednesday,01-Jul-24,18134205.44
18-Jul-24,20240718,July,Q3,2024,Thursday,01-Jul-24,18134205.44
19-Jul-24,20240719,July,Q3,2024,Friday,01-Jul-24,18134205.44
20-Jul-24,20240720,July,Q3,2024,Saturday,01-Jul-24,18134205.44
21-Jul-24,20240721,July,Q3,2024,Sunday,01-Jul-24,18134205.44
22-Jul-24,20240722,July,Q3,2024,Monday,01-Jul-24,18134205.44
23-Jul-24,20240723,July,Q3,2024,Tuesday,01-Jul-24,18134205.44
24-Jul-24,20240724,July,Q3,2024,Wednesday,01-Jul-24,18134205.44
25-Jul-24,20240725,July,Q3,2024,Thursday,01-Jul-24,18134205.44
26-Jul-24,20240726,July,Q3,2024,Friday,01-Jul-24,18134205.44
27-Jul-24,20240727,July,Q3,2024,Saturday,01-Jul-24,18134205.44
28-Jul-24,20240728,July,Q3,2024,Sunday,01-Jul-24,18134205.44
29-Jul-24,20240729,July,Q3,2024,Monday,01-Jul-24,18134205.44
30-Jul-24,20240730,July,Q3,2024,Tuesday,01-Jul-24,18134205.44
31-Jul-24,20240731,July,Q3,2024,Wednesday,01-Jul-24,18134205.44
01-Aug-24,20240801,August,Q3,2024,Thursday,01-Aug-24,18134205.44
02-Aug-24,20240802,August,Q3,2024,Friday,01-Aug-24,18134205.44
03-Aug-24,20240803,August,Q3,2024,Saturday,01-Aug-24,18134205.44
04-Aug-24,20240804,August,Q3,2024,Sunday,01-Aug-24,18134205.44
05-Aug-24,20240805,August,Q3,2024,Monday,01-Aug-24,18134205.44
06-Aug-24,20240806,August,Q3,2024,Tuesday,01-Aug-24,18134205.44
07-Aug-24,20240807,August,Q3,2024,Wednesday,01-Aug-24,18134205.44
08-Aug-24,20240808,August,Q3,2024,Thursday,01-Aug-24,18134205.44
09-Aug-24,20240809,August,Q3,2024,Friday,01-Aug-24,18134205.44
10-Aug-24,20240810,August,Q3,2024,Saturday,01-Aug-24,18134205.44
11-Aug-24,20240811,August,Q3,2024,Sunday,01-Aug-24,18134205.44
12-Aug-24,20240812,August,Q3,2024,Monday,01-Aug-24,18134205.44
13-Aug-24,20240813,August,Q3,2024,Tuesday,01-Aug-24,18134205.44
14-Aug-24,20240814,August,Q3,2024,Wednesday,01-Aug-24,18134205.44
15-Aug-24,20240815,August,Q3,2024,Thursday,01-Aug-24,18134205.44
16-Aug-24,20240816,August,Q3,2024,Friday,01-Aug-24,18134205.44
17-Aug-24,20240817,August,Q3,2024,Saturday,01-Aug-24,18134205.44
18-Aug-24,20240818,August,Q3,2024,Sunday,01-Aug-24,18134205.44
19-Aug-24,20240819,August,Q3,2024,Monday,01-Aug-24,18134205.44
20-Aug-24,20240820,August,Q3,2024,Tuesday,01-Aug-24,18134205.44
21-Aug-24,20240821,August,Q3,2024,Wednesday,01-Aug-24,18134205.44
22-Aug-24,20240822,August,Q3,2024,Thursday,01-Aug-24,18134205.44
23-Aug-24,20240823,August,Q3,2024,Friday,01-Aug-24,18134205.44
24-Aug-24,20240824,August,Q3,2024,Saturday,01-Aug-24,18134205.44
25-Aug-24,20240825,August,Q3,2024,Sunday,01-Aug-24,18134205.44
26-Aug-24,20240826,August,Q3,2024,Monday,01-Aug-24,18134205.44
27-Aug-24,20240827,August,Q3,2024,Tuesday,01-Aug-24,18134205.44
28-Aug-24,20240828,August,Q3,2024,Wednesday,01-Aug-24,18134205.44
29-Aug-24,20240829,August,Q3,2024,Thursday,01-Aug-24,18134205.44
30-Aug-24,20240830,August,Q3,2024,Friday,01-Aug-24,18134205.44
31-Aug-24,20240831,August,Q3,2024,Saturday,01-Aug-24,18134205.44
01-Sep-24,20240901,September,Q3,2024,Sunday,01-Sep-24,18134205.44
02-Sep-24,20240902,September,Q3,2024,Monday,01-Sep-24,18134205.44
03-Sep-24,20240903,September,Q3,2024,Tuesday,01-Sep-24,18134205.44
04-Sep-24,20240904,September,Q3,2024,Wednesday,01-Sep-24,18134205.44
05-Sep-24,20240905,September,Q3,2024,Thursday,01-Sep-24,18134205.44
06-Sep-24,20240906,September,Q3,2024,Friday,01-Sep-24,18134205.44
07-Sep-24,20240907,September,Q3,2024,Saturday,01-Sep-24,18134205.44
08-Sep-24,20240908,September,Q3,2024,Sunday,01-Sep-24,18134205.44
09-Sep-24,20240909,September,Q3,2024,Monday,01-Sep-24,18134205.44
10-Sep-24,20240910,September,Q3,2024,Tuesday,01-Sep-24,18134205.44
11-Sep-24,20240911,September,Q3,2024,Wednesday,01-Sep-24,18134205.44
12-Sep-24,20240912,September,Q3,2024,Thursday,01-Sep-24,18134205.44
13-Sep-24,20240913,September,Q3,2024,Friday,01-Sep-24,18134205.44
14-Sep-24,20240914,September,Q3,2024,Saturday,01-Sep-24,18134205.44
15-Sep-24,20240915,September,Q3,2024,Sunday,01-Sep-24,18134205.44
16-Sep-24,20240916,September,Q3,2024,Monday,01-Sep-24,18134205.44
17-Sep-24,20240917,September,Q3,2024,Tuesday,01-Sep-24,18134205.44
18-Sep-24,20240918,September,Q3,2024,Wednesday,01-Sep-24,18134205.44
19-Sep-24,20240919,September,Q3,2024,Thursday,01-Sep-24,18134205.44
20-Sep-24,20240920,September,Q3,2024,Friday,01-Sep-24,18134205.44
21-Sep-24,20240921,September,Q3,2024,Saturday,01-Sep-24,18134205.44
22-Sep-24,20240922,September,Q3,2024,Sunday,01-Sep-24,18134205.44
23-Sep-24,20240923,September,Q3,2024,Monday,01-Sep-24,18134205.44
24-Sep-24,20240924,September,Q3,2024,Tuesday,01-Sep-24,18134205.44
25-Sep-24,20240925,September,Q3,2024,Wednesday,01-Sep-24,18134205.44
26-Sep-24,20240926,September,Q3,2024,Thursday,01-Sep-24,18134205.44
27-Sep-24,20240927,September,Q3,2024,Friday,01-Sep-24,18134205.44
28-Sep-24,20240928,September,Q3,2024,Saturday,01-Sep-24,18134205.44
29-Sep-24,20240929,September,Q3,2024,Sunday,01-Sep-24,18134205.44
30-Sep-24,20240930,September,Q3,2024,Monday,01-Sep-24,18134205.44
01-Oct-24,20241001,October,Q4,2024,Tuesday,01-Oct-24,18134205.44
02-Oct-24,20241002,October,Q4,2024,Wednesday,01-Oct-24,18134205.44
03-Oct-24,20241003,October,Q4,2024,Thursday,01-Oct-24,18134205.44
04-Oct-24,20241004,October,Q4,2024,Friday,01-Oct-24,18134205.44
05-Oct-24,20241005,October,Q4,2024,Saturday,01-Oct-24,18134205.44
06-Oct-24,20241006,October,Q4,2024,Sunday,01-Oct-24,18134205.44
07-Oct-24,20241007,October,Q4,2024,Monday,01-Oct-24,18134205.44
08-Oct-24,20241008,October,Q4,2024,Tuesday,01-Oct-24,18134205.44
09-Oct-24,20241009,October,Q4,2024,Wednesday,01-Oct-24,18134205.44
10-Oct-24,20241010,October,Q4,2024,Thursday,01-Oct-24,18134205.44
11-Oct-24,20241011,October,Q4,2024,Friday,01-Oct-24,18134205.44
12-Oct-24,20241012,October,Q4,2024,Saturday,01-Oct-24,18134205.44
13-Oct-24,20241013,October,Q4,2024,Sunday,01-Oct-24,18134205.44
14-Oct-24,20241014,October,Q4,2024,Monday,01-Oct-24,18134205.44
15-Oct-24,20241015,October,Q4,2024,Tuesday,01-Oct-24,18134205.44
16-Oct-24,20241016,October,Q4,2024,Wednesday,01-Oct-24,18134205.44
17-Oct-24,20241017,October,Q4,2024,Thursday,01-Oct-24,18134205.44
18-Oct-24,20241018,October,Q4,2024,Friday,01-Oct-24,18134205.44
19-Oct-24,20241019,October,Q4,2024,Saturday,01-Oct-24,18134205.44
20-Oct-24,20241020,October,Q4,2024,Sunday,01-Oct-24,18134205.44
21-Oct-24,20241021,October,Q4,2024,Monday,01-Oct-24,18134205.44
22-Oct-24,20241022,October,Q4,2024,Tuesday,01-Oct-24,18134205.44
23-Oct-24,20241023,October,Q4,2024,Wednesday,01-Oct-24,18134205.44
24-Oct-24,20241024,October,Q4,2024,Thursday,01-Oct-24,18134205.44
25-Oct-24,20241025,October,Q4,2024,Friday,01-Oct-24,18134205.44
26-Oct-24,20241026,October,Q4,2024,Saturday,01-Oct-24,18134205.44
27-Oct-24,20241027,October,Q4,2024,Sunday,01-Oct-24,18134205.44
28-Oct-24,20241028,October,Q4,2024,Monday,01-Oct-24,18134205.44
29-Oct-24,20241029,October,Q4,2024,Tuesday,01-Oct-24,18134205.44
30-Oct-24,20241030,October,Q4,2024,Wednesday,01-Oct-24,18134205.44
31-Oct-24,20241031,October,Q4,2024,Thursday,01-Oct-24,18134205.44
01-Nov-24,20241101,November,Q4,2024,Friday,01-Nov-24,18134205.44
02-Nov-24,20241102,November,Q4,2024,Saturday,01-Nov-24,18134205.44
03-Nov-24,20241103,November,Q4,2024,Sunday,01-Nov-24,18134205.44
04-Nov-24,20241104,November,Q4,2024,Monday,01-Nov-24,18134205.44
05-Nov-24,20241105,November,Q4,2024,Tuesday,01-Nov-24,18134205.44
06-Nov-24,20241106,November,Q4,2024,Wednesday,01-Nov-24,18134205.44
07-Nov-24,20241107,November,Q4,2024,Thursday,01-Nov-24,18134205.44
08-Nov-24,20241108,November,Q4,2024,Friday,01-Nov-24,18134205.44
09-Nov-24,20241109,November,Q4,2024,Saturday,01-Nov-24,18134205.44
10-Nov-24,20241110,November,Q4,2024,Sunday,01-Nov-24,18134205.44
11-Nov-24,20241111,November,Q4,2024,Monday,01-Nov-24,18134205.44
12-Nov-24,20241112,November,Q4,2024,Tuesday,01-Nov-24,18134205.44
13-Nov-24,20241113,November,Q4,2024,Wednesday,01-Nov-24,18134205.44
14-Nov-24,20241114,November,Q4,2024,Thursday,01-Nov-24,18134205.44
15-Nov-24,20241115,November,Q4,2024,Friday,01-Nov-24,18134205.44
16-Nov-24,20241116,November,Q4,2024,Saturday,01-Nov-24,18134205.44
17-Nov-24,20241117,November,Q4,2024,Sunday,01-Nov-24,18134205.44
18-Nov-24,20241118,November,Q4,2024,Monday,01-Nov-24,18134205.44
19-Nov-24,20241119,November,Q4,2024,Tuesday,01-Nov-24,18134205.44
20-Nov-24,20241120,November,Q4,2024,Wednesday,01-Nov-24,18134205.44
21-Nov-24,20241121,November,Q4,2024,Thursday,01-Nov-24,18134205.44
22-Nov-24,20241122,November,Q4,2024,Friday,01-Nov-24,18134205.44
23-Nov-24,20241123,November,Q4,2024,Saturday,01-Nov-24,18134205.44
24-Nov-24,20241124,November,Q4,2024,Sunday,01-Nov-24,18134205.44
25-Nov-24,20241125,November,Q4,2024,Monday,01-Nov-24,18134205.44
26-Nov-24,20241126,November,Q4,2024,Tuesday,01-Nov-24,18134205.44
27-Nov-24,20241127,November,Q4,2024,Wednesday,01-Nov-24,18134205.44
28-Nov-24,20241128,November,Q4,2024,Thursday,01-Nov-24,18134205.44
29-Nov-24,20241129,November,Q4,2024,Friday,01-Nov-24,18134205.44
30-Nov-24,20241130,November,Q4,2024,Saturday,01-Nov-24,18134205.44
01-Dec-24,20241201,December,Q4,2024,Sunday,01-Dec-24,18134205.44
02-Dec-24,20241202,December,Q4,2024,Monday,01-Dec-24,18134205.44
03-Dec-24,20241203,December,Q4,2024,Tuesday,01-Dec-24,18134205.44
04-Dec-24,20241204,December,Q4,2024,Wednesday,01-Dec-24,18134205.44
05-Dec-24,20241205,December,Q4,2024,Thursday,01-Dec-24,18134205.44
06-Dec-24,20241206,December,Q4,2024,Friday,01-Dec-24,18134205.44
07-Dec-24,20241207,December,Q4,2024,Saturday,01-Dec-24,18134205.44
08-Dec-24,20241208,December,Q4,2024,Sunday,01-Dec-24,18134205.44
09-Dec-24,20241209,December,Q4,2024,Monday,01-Dec-24,18134205.44
10-Dec-24,20241210,December,Q4,2024,Tuesday,01-Dec-24,18134205.44
11-Dec-24,20241211,December,Q4,2024,Wednesday,01-Dec-24,18134205.44
12-Dec-24,20241212,December,Q4,2024,Thursday,01-Dec-24,18134205.44
13-Dec-24,20241213,December,Q4,2024,Friday,01-Dec-24,18134205.44
14-Dec-24,20241214,December,Q4,2024,Saturday,01-Dec-24,18134205.44
15-Dec-24,20241215,December,Q4,2024,Sunday,01-Dec-24,18134205.44
16-Dec-24,20241216,December,Q4,2024,Monday,01-Dec-24,18134205.44
17-Dec-24,20241217,December,Q4,2024,Tuesday,01-Dec-24,18134205.44
18-Dec-24,20241218,December,Q4,2024,Wednesday,01-Dec-24,18134205.44
19-Dec-24,20241219,December,Q4,2024,Thursday,01-Dec-24,18134205.44
20-Dec-24,20241220,December,Q4,2024,Friday,01-Dec-24,18134205.44
21-Dec-24,20241221,December,Q4,2024,Saturday,01-Dec-24,18134205.44
22-Dec-24,20241222,December,Q4,2024,Sunday,01-Dec-24,18134205.44
23-Dec-24,20241223,December,Q4,2024,Monday,01-Dec-24,18134205.44
24-Dec-24,20241224,December,Q4,2024,Tuesday,01-Dec-24,18134205.44
25-Dec-24,20241225,December,Q4,2024,Wednesday,01-Dec-24,18134205.44
26-Dec-24,20241226,December,Q4,2024,Thursday,01-Dec-24,18134205.44
27-Dec-24,20241227,December,Q4,2024,Friday,01-Dec-24,18134205.44
28-Dec-24,20241228,December,Q4,2024,Saturday,01-Dec-24,18134205.44
29-Dec-24,20241229,December,Q4,2024,Sunday,01-Dec-24,18134205.44
30-Dec-24,20241230,December,Q4,2024,Monday,01-Dec-24,18134205.44
